"Časová pečiatka","Pohlavie:","Vek:","Mali ste počas Vášho štúdia na strednej/základnej škole priestor na hodinách (biológia) alebo vyhradenú hodinu, ktorá sa zaoberala zdravým sexuálnym životom, antikoncepciou, sexuálne prenosnými chorobami a ich prevenciou?","V akej podobe táto hodina bola?","Rozprávali ste sa otvorene na tému sexuálna výchova a zdravie doma?","Myslíte si, že tému zdravý sexuálny život ovládate natoľko, že ste schopný/á viesť zdravý, plnohodnotný sexuálny život? (správna voľba antikoncepcie, prevencia sexuálne prenosných chorôb,...)","Riadite sa zásadou: prvý pohlavný styk až po svadbe?","V akom veku ste mali prvý pohlavný styk?","Aká je Vaša preferovaná forma antikoncepcie s partnerom?","Použili ste Vy, alebo Vaša partnerka, niekedy núdzovú antikoncepciu?   (,,tabletka po"" - väčšinou využívaná v prípade nechráneného pohlavného styku alebo zlyhaní antikoncepcie do 3-5 dní)","Myslíte si, že ste dostatočne informovaný/á o téme interrupcie? (ako prebiehajú, rôzne formy, legislatíva na Slovensku,...)","V súčasnosti sa na Slovensku čoraz viac diskutuje o sprísnení interrupčných práv. Súhlasíte s týmto návrhom zákona? (predĺženie čakacej doby na interrupciu z 2 na 4 dni, povinnosť dvoch znaleckých posudkov pred interrupciou zo zdravotných dôvodov, zákaz reklamy) celý návrh zákona: https://www.nrsr.sk/web/Dynamic/DocumentPreview.aspx?DocID=479948","Myslíte si, že by mala byť interrupčná tabletka legálna na Slovensku?","Poznáte niekoho z Vášho blízkeho okolia, kto podstúpil, alebo ste sama podstúpili, interrupciu? "
"2020/12/10 10:00:11 PM SEČ","Žena","51","Nie","Vyhradená hodina v učebnom pláne na ZŠ;Vyhradená hodina v učebnom pláne na SŠ","Skôr nie","Skôr áno","Nie","19-20","Metódy založené na znalosti plodnosti (neplodné okno)","Áno","Skôr nie","Nie","Áno","Áno, poznám"
"2020/12/10 10:05:29 PM SEČ","Žena","18","Nie","Nemal/a som žiadnu možnosť byť informovaný/á na túto tému na ZŠ ani SŠ","Skôr áno","Skôr áno","Nie","15-16","Antikoncepčné tabletky (s alebo bez obsahu estrgénov, minitabletky );Metódy založené na znalosti plodnosti (neplodné okno);Prerušovaná súlož","Áno","Skôr áno","Nie","Áno","Nie"
"2020/12/10 10:06:02 PM SEČ","Žena","19","Nie","Výklad na hodine biológie SŠ","Nie","Skôr áno","Nie","ešte som nemal/a pohlavný styk","Nie som sexuálne aktívny/a","Nie","Skôr nie","Neviem","Áno","Nie"
"2020/12/10 10:13:00 PM SEČ","Žena","18","Áno, jednorázovo","Výklad na hodine biológie ZŠ","Áno","Skôr áno","Nie","17-18","Prerušovaná súlož","Áno","Skôr áno","Nie","Áno","Áno, poznám"
"2020/12/10 10:16:03 PM SEČ","Žena","17","Nie","Nemal/a som žiadnu možnosť byť informovaný/á na túto tému na ZŠ ani SŠ","Skôr nie","Skôr áno","Nie","ešte som nemal/a pohlavný styk","Nie som sexuálne aktívny/a","Nie","Skôr áno","Nie","Áno","Nie"
"2020/12/10 10:18:37 PM SEČ","Žena","19","Nie","Nemal/a som žiadnu možnosť byť informovaný/á na túto tému na ZŠ ani SŠ","Skôr nie","Áno","Áno","15-16","Prezervatív (kondóm);Antikoncepčné tabletky (s alebo bez obsahu estrgénov, minitabletky )","Áno","Skôr nie","Neviem","Neviem","Nie"
"2020/12/10 10:19:47 PM SEČ","Muž","18","Nie","Nemal/a som žiadnu možnosť byť informovaný/á na túto tému na ZŠ ani SŠ","Nie","Skôr nie","Nie","ešte som nemal/a pohlavný styk","Nie som sexuálne aktívny/a","Nie","Áno","Nie","nemám dosť info","Nie"
"2020/12/10 10:26:29 PM SEČ","Žena","17","Áno, jednorázovo","Výklad na hodine biológie ZŠ;Výklad na hodine biológie SŠ","Skôr nie","Skôr áno","Nie","ešte som nemal/a pohlavný styk","Nie som sexuálne aktívny/a","Nie","Skôr áno","Nie","Áno","Áno, poznám"
"2020/12/11 8:15:47 AM SEČ","Žena","18","Áno, jednorázovo","Výklad na hodine biológie ZŠ","Áno","Skôr áno","Nie","17-18","Prerušovaná súlož","Áno","Skôr áno","Nie","Áno","Áno, poznám"
"2020/12/11 1:43:28 PM SEČ","Muž","17","Áno, jednorázovo","Prezentácia/výklad lekára, odborníka","Nie","Áno","Nie","ešte som nemal/a pohlavný styk","Nie som sexuálne aktívny/a","Nie","Skôr áno","Skôr áno","Áno","Nie"
"2020/12/11 1:46:13 PM SEČ","Žena","18","Nie","Nemal/a som žiadnu možnosť byť informovaný/á na túto tému na ZŠ ani SŠ","Áno","Áno","Nie","17-18","Prezervatív (kondóm);Antikoncepčné tabletky (s alebo bez obsahu estrgénov, minitabletky )","Nie","Skôr áno","Skôr áno","Áno","Áno, poznám"
"2020/12/11 1:55:43 PM SEČ","Muž","18","Áno, jednorázovo","Prezentácia/výklad lekára, odborníka;Rozdávanie informačných letákov;Vyhradená hodina v učebnom pláne na ZŠ","Nie","Skôr nie","Nie","ešte som nemal/a pohlavný styk","Nie som sexuálne aktívny/a","Nie","Nezaujíma ma to","Neviem","Áno","Nie"
"2020/12/11 1:59:46 PM SEČ","Žena","17","Áno, jednorázovo","Prezentácia/výklad lekára, odborníka;Rozdávanie informačných letákov","Skôr áno","Áno","Nie","15-16","Prezervatív (kondóm);Prerušovaná súlož","Áno","Skôr áno","Nie","Áno","Nie"
"2020/12/11 2:06:51 PM SEČ","Žena","18","Nie","Nemal/a som žiadnu možnosť byť informovaný/á na túto tému na ZŠ ani SŠ","Skôr nie","Áno","Nie","17-18","Prezervatív (kondóm)","Nie","Skôr nie","Skôr nie","Nie","Nie"
"2020/12/11 2:11:06 PM SEČ","Muž","17","Áno, jednorázovo","Prezentácia/výklad lekára, odborníka","Nie","Skôr áno","Nie","ešte som nemal/a pohlavný styk","Nie som sexuálne aktívny/a","Nie","Áno","Nie","Áno","Nie"
"2020/12/11 2:11:13 PM SEČ","Žena","18","Nie","Nemal/a som žiadnu možnosť byť informovaný/á na túto tému na ZŠ ani SŠ","Nie","Skôr áno","Nie","17-18","Prezervatív (kondóm);Prerušovaná súlož","Nie","Skôr áno","Nie","Áno","Nie"
"2020/12/11 2:11:29 PM SEČ","Muž","17","Nie","Nemal/a som žiadnu možnosť byť informovaný/á na túto tému na ZŠ ani SŠ","Nie","Áno","Nie","15-16","Prezervatív (kondóm)","Nie","Skôr nie","Skôr áno","Nie","Nie"
"2020/12/11 2:39:51 PM SEČ","Muž","18","Áno, jednorázovo","Nepamätám si","Nie","Skôr áno","Nie","ešte som nemal/a pohlavný styk","Nie som sexuálne aktívny/a","Nie","Skôr nie","Je mi to jedno ale skôr nie ","Áno","Nie"
"2020/12/11 2:40:21 PM SEČ","Žena","17","Áno, jednorázovo","Prezentácia/výklad lekára, odborníka","Nie","Skôr nie","Nie","ešte som nemal/a pohlavný styk","Nie som sexuálne aktívny/a","Nie","Skôr nie","Skôr nie","Áno","Áno, poznám"
"2020/12/11 2:48:58 PM SEČ","Muž","18","Áno, jednorázovo","Vyhradená hodina v učebnom pláne na ZŠ","Áno","Nie","Áno","ešte som nemal/a pohlavný styk","Nie som sexuálne aktívny/a","Nie","Nie","Skôr nie","Nie","Nie"
"2020/12/11 3:16:58 PM SEČ","Muž","18","Nie","Nemal/a som žiadnu možnosť byť informovaný/á na túto tému na ZŠ ani SŠ","Nie","Nie","Nie","ešte som nemal/a pohlavný styk","Nie som sexuálne aktívny/a","Nie","Skôr áno","Nie","Áno","Nie"
"2020/12/11 3:27:44 PM SEČ","Muž","17","Nie","Nemal/a som žiadnu možnosť byť informovaný/á na túto tému na ZŠ ani SŠ","Skôr nie","Skôr áno","Nie","15-16","Prezervatív (kondóm)","Nie","Skôr nie","Neviem","Áno","Nie"
"2020/12/11 5:11:58 PM SEČ","Žena","17","Áno, jednorázovo","Výklad na hodine biológie ZŠ","Nie","Skôr nie","Nie","ešte som nemal/a pohlavný styk","Nie som sexuálne aktívny/a","Nie","Áno","Nie","Áno","Nie"
"2020/12/11 5:36:33 PM SEČ","Muž","18","Áno, jednorázovo","Vyhradená hodina v učebnom pláne na ZŠ","Skôr áno","Skôr áno","Nie","ešte som nemal/a pohlavný styk","Nie som sexuálne aktívny/a","Nie","Nie","Neviem","Neviem","Nie"
"2020/12/11 9:44:35 PM SEČ","Žena","17","Nie","Nemal/a som žiadnu možnosť byť informovaný/á na túto tému na ZŠ ani SŠ","Áno","Áno","Nie","ešte som nemal/a pohlavný styk","Nie som sexuálne aktívny/a","Nie","Skôr áno","Nie","Áno","Nie"
"2020/12/11 10:09:34 PM SEČ","Muž","18","Nepamätám si","Nepamätám si","Nie","Áno","Nie","do 14","Prezervatív (kondóm);Antikoncepčné tabletky (s alebo bez obsahu estrgénov, minitabletky )","Áno","Nezaujíma ma to","Neviem","Neviem","Nie"
"2020/12/12 10:33:47 AM SEČ","Žena","17","Áno, jednorázovo","Rozdávanie informačných letákov;Vyhradená hodina v učebnom pláne na ZŠ","Skôr nie","Skôr áno","Nie","15-16","Prezervatív (kondóm)","Nie","Skôr nie","Nie","Áno","Áno, poznám"
"2020/12/12 11:24:11 AM SEČ","Žena","18","Áno, jednorázovo","Prezentácie tvorené žiakmi na tému pohlavných chorôb","Skôr áno","Áno","Nie","15-16","Prezervatív (kondóm)","Nie","Áno","Skôr nie","Áno","Áno, poznám"
"2020/12/14 3:55:48 PM SEČ","Muž","16","Nepamätám si","Výklad na hodine biológie ZŠ;Nepamätám si","Skôr áno","Áno","Nie","ešte som nemal/a pohlavný styk","Nie som sexuálne aktívny/a","Nie","Áno","Nie","Áno","Nie"
"2020/12/14 3:56:04 PM SEČ","Muž","17","Áno, jednorázovo","Prezentácia/výklad lekára, odborníka","Nie","Skôr áno","Nie","ešte som nemal/a pohlavný styk","Nie som sexuálne aktívny/a","Nie","Skôr áno","Skôr áno","Áno","Nie"
"2020/12/14 3:56:59 PM SEČ","Muž","16","Nie","Nemal/a som žiadnu možnosť byť informovaný/á na túto tému na ZŠ ani SŠ","Skôr áno","Skôr áno","Áno","ešte som nemal/a pohlavný styk","Nie som sexuálne aktívny/a","Nie","Skôr nie","Nie","Áno","Nie"
"2020/12/14 3:57:03 PM SEČ","Žena","19","Áno, jednorázovo","Rozdávanie informačných letákov","Áno","Áno","Nie","17-18","Prezervatív (kondóm)","Áno","Skôr nie","Nie","Áno","Áno, poznám"
"2020/12/14 3:57:11 PM SEČ","Žena","15","Áno, jednorázovo","Výklad na hodine biológie ZŠ","Skôr áno","Nie","Nie","ešte som nemal/a pohlavný styk","Nie som sexuálne aktívny/a","Nie","Skôr áno","Áno","Áno","Nie"
"2020/12/14 3:57:20 PM SEČ","Žena","15","Áno, jednorázovo","Nemal/a som žiadnu možnosť byť informovaný/á na túto tému na ZŠ ani SŠ;Prezentácia/výklad lekára, odborníka","Áno","Skôr áno","Nie","ešte som nemal/a pohlavný styk","Nie som sexuálne aktívny/a","Nie","Skôr nie","Nie","Áno","Nie"
"2020/12/14 3:57:21 PM SEČ","Žena","16","Nie","Nemal/a som žiadnu možnosť byť informovaný/á na túto tému na ZŠ ani SŠ","Áno","Skôr nie","Nie","15-16","Prezervatív (kondóm)","Nie","Skôr nie","Skôr áno","Áno","Nie"
"2020/12/14 3:57:26 PM SEČ","Žena","19","Áno, jednorázovo","Výklad na hodine biológie SŠ","Nie","Skôr nie","Nie","ešte som nemal/a pohlavný styk","Nie som sexuálne aktívny/a","Nie","Áno","Nie","Áno","Nie"
"2020/12/14 3:57:29 PM SEČ","Žena","19","Áno, jednorázovo","Výklad na hodine biológie ZŠ;Výklad na hodine biológie SŠ","Áno","Áno","Nie","17-18","Prezervatív (kondóm)","Nie","Áno","Nie","Áno","Nie"
"2020/12/14 3:57:35 PM SEČ","Muž","15","Nie","Nemal/a som žiadnu možnosť byť informovaný/á na túto tému na ZŠ ani SŠ","Nie","Áno","Nie","ešte som nemal/a pohlavný styk","Nie som sexuálne aktívny/a","Nie","Nie","Áno","Nie","Nie"
"2020/12/14 3:57:43 PM SEČ","Žena","16","Áno, jednorázovo","Rozdávanie informačných letákov;Vyhradená hodina v učebnom pláne na ZŠ","Skôr nie","Skôr áno","Nie","ešte som nemal/a pohlavný styk","Nie som sexuálne aktívny/a","Nie","Skôr nie","Skôr nie","Áno","Nie"
"2020/12/14 3:58:14 PM SEČ","Žena","15","Áno, jednorázovo","Prezentácia/výklad lekára, odborníka","Áno","Áno","Áno","ešte som nemal/a pohlavný styk","Nie som sexuálne aktívny/a","Nie","Skôr nie","Áno","Nie","Áno, poznám"
"2020/12/14 3:58:16 PM SEČ","Žena","15","Nie","Nemal/a som žiadnu možnosť byť informovaný/á na túto tému na ZŠ ani SŠ","Skôr nie","Áno","Nie","ešte som nemal/a pohlavný styk","Nie som sexuálne aktívny/a","Nie","Skôr áno","Nie","Áno","Áno, poznám"
"2020/12/14 3:58:20 PM SEČ","Žena","15","Áno, pravidelne","Výklad na hodine biológie ZŠ;Prezentácia/výklad lekára, odborníka","Skôr áno","Nie","Nie","ešte som nemal/a pohlavný styk","Nie som sexuálne aktívny/a","Nie","Skôr nie","Skôr áno","Neviem","Nie"
"2020/12/14 3:58:23 PM SEČ","Žena","15","Áno, jednorázovo","Výklad na hodine biológie ZŠ;Rozdávanie informačných letákov","Áno","Nie","Nie","ešte som nemal/a pohlavný styk","Nie som sexuálne aktívny/a","Nie","Skôr nie","Neviem","Neviem","Nie"
"2020/12/14 3:58:37 PM SEČ","Muž","17","Áno, jednorázovo","Prezentácia/výklad lekára, odborníka","Skôr nie","Skôr nie","Nie","ešte som nemal/a pohlavný styk","Nie som sexuálne aktívny/a","Nie","Skôr nie","Skôr áno","Áno","Nie"
"2020/12/14 3:58:40 PM SEČ","Muž","16","Áno, jednorázovo","Vyhradená hodina v učebnom pláne na ZŠ","Skôr áno","Skôr áno","Áno","ešte som nemal/a pohlavný styk","Nie som sexuálne aktívny/a","Nie","Skôr áno","Nie","Nie","Nie"
"2020/12/14 3:58:45 PM SEČ","Žena","18","Nie","Nemal/a som žiadnu možnosť byť informovaný/á na túto tému na ZŠ ani SŠ","Skôr áno","Skôr áno","Nie","17-18","Prezervatív (kondóm);Metódy založené na znalosti plodnosti (neplodné okno);Prerušovaná súlož","Nie","Skôr nie","Nie","Áno","Áno, poznám"
"2020/12/14 3:58:49 PM SEČ","Žena","17","Nie","Nemal/a som žiadnu možnosť byť informovaný/á na túto tému na ZŠ ani SŠ","Nie","Skôr nie","Nie","15-16","Prezervatív (kondóm);Prerušovaná súlož","Nie","Nie","Nie","Áno","Áno, poznám"
"2020/12/14 3:58:50 PM SEČ","Žena","17","Nie","Nemal/a som žiadnu možnosť byť informovaný/á na túto tému na ZŠ ani SŠ","Skôr nie","Skôr áno","Nie","ešte som nemal/a pohlavný styk","Nie som sexuálne aktívny/a","Nie","Skôr áno","Nie","Áno","Nie"
"2020/12/14 3:59:04 PM SEČ","Žena","15","Áno, jednorázovo","Výklad na hodine biológie ZŠ","Nie","Áno","Nie","15-16","Prezervatív (kondóm)","Nie","Skôr nie","Áno","Áno","Nie"
"2020/12/14 3:59:08 PM SEČ","Žena","19","Áno, jednorázovo","Výklad na hodine biológie SŠ;Prezentácia/výklad lekára, odborníka","Áno","Áno","Nie","ešte som nemal/a pohlavný styk","Nie som sexuálne aktívny/a","Nie","Áno","Skôr nie","Neviem","Nie"
"2020/12/14 3:59:13 PM SEČ","Žena","16","Nie","Nemal/a som žiadnu možnosť byť informovaný/á na túto tému na ZŠ ani SŠ","Skôr nie","Áno","Nie","15-16","Prezervatív (kondóm)","Nie","Skôr áno","Nie","Áno","Áno, poznám"
"2020/12/14 3:59:14 PM SEČ","Žena","17","Áno, jednorázovo","Vyhradená hodina v učebnom pláne na ZŠ","Nie","Skôr áno","Nie","ešte som nemal/a pohlavný styk","Nie som sexuálne aktívny/a","Nie","Skôr nie","Nie","Áno","Nie"
"2020/12/14 3:59:18 PM SEČ","Žena","15","Nie","Nemal/a som žiadnu možnosť byť informovaný/á na túto tému na ZŠ ani SŠ","Skôr nie","Áno","Nie","ešte som nemal/a pohlavný styk","Nie som sexuálne aktívny/a","Nie","Skôr áno","Nie","Áno","Áno, poznám"
"2020/12/14 3:59:34 PM SEČ","Žena","16","Áno, jednorázovo","Výklad na hodine biológie ZŠ;Výklad na hodine biológie SŠ","Skôr áno","Skôr áno","Nie","15-16","Nie som sexuálne aktívny/a;Prezervatív (kondóm)","Nie","Skôr nie","Nie","Áno","Áno, poznám"
"2020/12/14 3:59:43 PM SEČ","Žena","16","Áno, pravidelne","Vyhradená hodina v učebnom pláne na ZŠ","Skôr áno","Skôr nie","Nie","15-16","Nie som sexuálne aktívny/a;Prezervatív (kondóm)","Nie","Skôr nie","Neviem","Áno","Áno, poznám"
"2020/12/14 3:59:49 PM SEČ","Muž","16","Áno, jednorázovo","Výklad na hodine biológie ZŠ","Nie","Áno","Nie","15-16","Prezervatív (kondóm)","Nie","Áno","Neviem","Áno","Áno, poznám"
"2020/12/14 4:00:02 PM SEČ","Žena","19","Áno, jednorázovo","Vyhradená hodina v učebnom pláne na ZŠ","Skôr áno","Skôr áno","Nie","17-18","Prezervatív (kondóm);Prerušovaná súlož","Nie","Skôr nie","Nie","Neviem","Áno, poznám"
"2020/12/14 4:00:04 PM SEČ","Žena","16","Áno, jednorázovo","Vyhradená hodina v učebnom pláne na ZŠ","Skôr áno","Skôr áno","Nie","ešte som nemal/a pohlavný styk","Nie som sexuálne aktívny/a","Nie","Skôr áno","Skôr áno","záleži na okolnostiach","Nie"
"2020/12/14 4:00:35 PM SEČ","Žena","18","Áno, jednorázovo","Nemal/a som žiadnu možnosť byť informovaný/á na túto tému na ZŠ ani SŠ;Výklad na hodine biológie ZŠ","Skôr nie","Skôr nie","Nie","15-16","Prezervatív (kondóm)","Áno","Skôr áno","Nie","Áno","Nie"
"2020/12/14 4:01:09 PM SEČ","Muž","15","Áno, jednorázovo","Výklad na hodine biológie ZŠ","Áno","Skôr nie","Áno","ešte som nemal/a pohlavný styk","Nie som sexuálne aktívny/a","Nie","Skôr nie","Neviem","Neviem","Nie"
"2020/12/14 4:01:18 PM SEČ","Žena","16","Nie","Rozdávanie informačných letákov","Nie","Áno","Nie","ešte som nemal/a pohlavný styk","Nie som sexuálne aktívny/a","Nie","Skôr áno","Nie","Áno","Nie"
"2020/12/14 4:01:32 PM SEČ","Žena","17","Áno, jednorázovo","Výklad na hodine biológie ZŠ","Nie","Skôr nie","Nie","ešte som nemal/a pohlavný styk","Nie som sexuálne aktívny/a","Nie","Skôr nie","Neviem","Áno","Nie"
"2020/12/14 4:01:58 PM SEČ","Žena","16","Áno, jednorázovo","Výklad na hodine biológie ZŠ;Vyhradená hodina v učebnom pláne na ZŠ","Áno","Áno","Nie","do 14","Prezervatív (kondóm);Prerušovaná súlož","Nie","Skôr nie","Neviem","Neviem","Nie"
"2020/12/14 4:02:05 PM SEČ","Muž","17","Nie","Nemal/a som žiadnu možnosť byť informovaný/á na túto tému na ZŠ ani SŠ","Skôr áno","Áno","Nie","17-18","Prezervatív (kondóm)","Nie","Skôr nie","Nie","Áno","Nie"
"2020/12/14 4:02:11 PM SEČ","Žena","17","Nie","Nemal/a som žiadnu možnosť byť informovaný/á na túto tému na ZŠ ani SŠ","Nie","Skôr nie","Nie","ešte som nemal/a pohlavný styk","Nie som sexuálne aktívny/a","Nie","Skôr nie","Nie","Áno","Nie"
"2020/12/14 4:02:19 PM SEČ","Žena","15","Nie","Nemal/a som žiadnu možnosť byť informovaný/á na túto tému na ZŠ ani SŠ","Skôr nie","Skôr nie","Nie","ešte som nemal/a pohlavný styk","Nie som sexuálne aktívny/a","Nie","Skôr nie","Nie","Áno","Nie"
"2020/12/14 4:02:25 PM SEČ","Muž","15","Áno, pravidelne","Prezentácia/výklad lekára, odborníka","Skôr nie","Áno","Nie","ešte som nemal/a pohlavný styk","Nie som sexuálne aktívny/a","Nie","Nie","Nie","Áno","Nie"
"2020/12/14 4:02:44 PM SEČ","Žena","17","Áno, jednorázovo","Výklad na hodine biológie ZŠ","Skôr áno","Skôr áno","Nie","ešte som nemal/a pohlavný styk","Nie som sexuálne aktívny/a","Nie","Skôr nie","Skôr nie","Áno","Áno, poznám"
"2020/12/14 4:03:06 PM SEČ","Muž","17","Nepamätám si","Nepamätám si","Skôr nie","Áno","Nie","17-18","Prezervatív (kondóm);Antikoncepčné tabletky (s alebo bez obsahu estrgénov, minitabletky )","Nie","Skôr áno","Skôr nie","Áno","Áno, poznám"
"2020/12/14 4:03:24 PM SEČ","Žena","15","Áno, jednorázovo","Prezentácia/výklad lekára, odborníka","Áno","Áno","Nie","ešte som nemal/a pohlavný styk","Nie som sexuálne aktívny/a","Nie","Skôr áno","Neviem","Neviem","Nie"
"2020/12/14 4:04:02 PM SEČ","Žena","19","Nie","Nemal/a som žiadnu možnosť byť informovaný/á na túto tému na ZŠ ani SŠ","Nie","Skôr nie","Nie","ešte som nemal/a pohlavný styk","Nie som sexuálne aktívny/a","Nie","Skôr nie","Nie","Áno","Nie"
"2020/12/14 4:04:15 PM SEČ","Žena","17","Nie","Nemal/a som žiadnu možnosť byť informovaný/á na túto tému na ZŠ ani SŠ","Nie","Skôr áno","Áno","ešte som nemal/a pohlavný styk","Nie som sexuálne aktívny/a","Nie","Nie","Neviem","Áno","Nie"
"2020/12/14 4:04:18 PM SEČ","Žena","15","Áno, jednorázovo","Vyhradená hodina v učebnom pláne na ZŠ","Skôr nie","Nie","Áno","ešte som nemal/a pohlavný styk","Nie som sexuálne aktívny/a","Nie","Nie","Neviem","Neviem","Áno, poznám"
"2020/12/14 4:04:31 PM SEČ","Žena","17","Áno, jednorázovo","Výklad na hodine biológie ZŠ","Skôr nie","Áno","Nie","ešte som nemal/a pohlavný styk","Prezervatív (kondóm);Antikoncepčné tabletky (s alebo bez obsahu estrgénov, minitabletky )","Nie","Nie","Nie","Áno","Nie"
"2020/12/14 4:06:04 PM SEČ","Žena","16","Áno, jednorázovo","Výklad na hodine biológie ZŠ","Skôr áno","Skôr áno","Nie","ešte som nemal/a pohlavný styk","Nie som sexuálne aktívny/a","Nie","Skôr áno","Neviem","Neviem","Nie"
"2020/12/14 4:06:13 PM SEČ","Žena","16","Nepamätám si","Nemal/a som žiadnu možnosť byť informovaný/á na túto tému na ZŠ ani SŠ","Skôr nie","Skôr áno","Nie","ešte som nemal/a pohlavný styk","Nie som sexuálne aktívny/a","Nie","Skôr nie","Neviem","Neviem","Nie"
"2020/12/14 4:06:32 PM SEČ","Žena","15","Áno, jednorázovo","Prezentácia/výklad lekára, odborníka","Nie","Áno","Nie","ešte som nemal/a pohlavný styk","Nie som sexuálne aktívny/a","Nie","Skôr nie","Nie","Áno","Áno, poznám"
"2020/12/14 4:07:09 PM SEČ","Žena","15","Áno, jednorázovo","Výklad na hodine biológie ZŠ","Nie","Skôr nie","Áno","ešte som nemal/a pohlavný styk","Nie som sexuálne aktívny/a","Nie","Skôr nie","Áno","Neviem","Nie"
"2020/12/14 4:07:40 PM SEČ","Žena","17","Nie","Vyhradená hodina v učebnom pláne na ZŠ","Skôr áno","Áno","Nie","15-16","Prezervatív (kondóm)","Nie","Skôr áno","Skôr nie","Neviem","Áno, poznám"
"2020/12/14 4:08:30 PM SEČ","Žena","17","Áno, jednorázovo","Vyhradená hodina v učebnom pláne na ZŠ","Skôr áno","Áno","Nie","15-16","Prezervatív (kondóm)","Nie","Áno","Nie","Áno","Áno, poznám"
"2020/12/14 4:08:39 PM SEČ","Žena","17","Áno, jednorázovo","Prezentácia/výklad lekára, odborníka;Rozdávanie informačných letákov;Vyhradená hodina v učebnom pláne na ZŠ","Áno","Áno","Nie","ešte som nemal/a pohlavný styk","Nie som sexuálne aktívny/a","Nie","Áno","Áno","Áno","Áno, poznám"
"2020/12/14 4:08:41 PM SEČ","Žena","17","Áno, jednorázovo","Vyhradená hodina v učebnom pláne na ZŠ","Skôr nie","Skôr nie","Nie","ešte som nemal/a pohlavný styk","Nie som sexuálne aktívny/a","Nie","Nie","Neviem","Áno","Nie"
"2020/12/14 4:09:01 PM SEČ","Muž","17","Nie","Nemal/a som žiadnu možnosť byť informovaný/á na túto tému na ZŠ ani SŠ","Nie","Skôr áno","Nie","do 14","Prezervatív (kondóm)","Nie","Skôr nie","Neviem","Áno","Nie"
"2020/12/14 4:09:30 PM SEČ","Muž","16","Áno, jednorázovo","Vyhradená hodina v učebnom pláne na ZŠ","Skôr áno","Skôr áno","Nie","ešte som nemal/a pohlavný styk","","Nie","Skôr nie","Neviem","Neviem","Nie"
"2020/12/14 4:09:52 PM SEČ","Žena","18","Áno, jednorázovo","Výklad na hodine biológie ZŠ;Výklad na hodine biológie SŠ;Vyhradená hodina v učebnom pláne na ZŠ","Skôr áno","Skôr áno","Nie","ešte som nemal/a pohlavný styk","Nie som sexuálne aktívny/a","Nie","Skôr áno","Skôr áno","Áno","Nie"
"2020/12/14 4:10:08 PM SEČ","Žena","17","Áno, pravidelne","Výklad na hodine biológie ZŠ;Prezentácia/výklad lekára, odborníka","Skôr áno","Skôr áno","Áno","ešte som nemal/a pohlavný styk","Nie som sexuálne aktívny/a","Nie","Nezaujíma ma to","Neviem","Nie","Nie"
"2020/12/14 4:10:56 PM SEČ","Žena","18","Áno, jednorázovo","Výklad na hodine biológie ZŠ;Vyhradená hodina v učebnom pláne na ZŠ","Nie","Áno","Áno","ešte som nemal/a pohlavný styk","Nie som sexuálne aktívny/a","Nie","Áno","Nie","Áno","Nie"
"2020/12/14 4:12:01 PM SEČ","Muž","18","Áno, jednorázovo","Výklad na hodine biológie ZŠ","Nie","Áno","Nie","ešte som nemal/a pohlavný styk","Nie som sexuálne aktívny/a","Nie","Skôr áno","Nie","Áno","Áno, poznám"
"2020/12/14 4:12:11 PM SEČ","Muž","18","Áno, jednorázovo","Výklad na hodine biológie ZŠ","Nie","Áno","Nie","ešte som nemal/a pohlavný styk","Nie som sexuálne aktívny/a","Nie","Skôr áno","Nie","Áno","Áno, poznám"
"2020/12/14 4:12:22 PM SEČ","Muž","18","Nie","Nemal/a som žiadnu možnosť byť informovaný/á na túto tému na ZŠ ani SŠ","Nie","Áno","Nie","ešte som nemal/a pohlavný styk","Nie som sexuálne aktívny/a","Nie","Nezaujíma ma to","Neviem","Áno","Nie"
"2020/12/14 4:13:17 PM SEČ","Muž","16","Áno, jednorázovo","Prezentácia/výklad lekára, odborníka","Nie","Skôr nie","Nie","ešte som nemal/a pohlavný styk","Nie som sexuálne aktívny/a","Nie","Skôr nie","Skôr nie","Áno","Nie"
"2020/12/14 4:13:37 PM SEČ","Žena","15","Áno, jednorázovo","Prezentácia/výklad lekára, odborníka;Vyhradená hodina v učebnom pláne na ZŠ","Skôr áno","Skôr nie","Nie","ešte som nemal/a pohlavný styk","Nie som sexuálne aktívny/a","Nie","Skôr nie","Neviem","legálna ano ale nie voľne dostupná ","Nie"
"2020/12/14 4:14:18 PM SEČ","Muž","19","Nie","Nemal/a som žiadnu možnosť byť informovaný/á na túto tému na ZŠ ani SŠ","Skôr nie","Áno","Nie","ešte som nemal/a pohlavný styk","Prezervatív (kondóm);Antikoncepčné tabletky (s alebo bez obsahu estrgénov, minitabletky )","Nie","Áno","Nie","Áno","Áno, poznám"
"2020/12/14 4:14:25 PM SEČ","Žena","17","Nie","Výklad na hodine biológie ZŠ","Skôr nie","Nezaujíma ma to","Áno","ešte som nemal/a pohlavný styk","Nie som sexuálne aktívny/a","Nie","Skôr nie","Neviem","Neviem","Nie"
"2020/12/14 4:14:26 PM SEČ","Žena","16","Áno, jednorázovo","Výklad na hodine biológie ZŠ","Skôr nie","Skôr nie","Nie","ešte som nemal/a pohlavný styk","Nie som sexuálne aktívny/a","Nie","Nie","Nie","Áno","Nie"
"2020/12/14 4:14:34 PM SEČ","Žena","17","Nie","Nemal/a som žiadnu možnosť byť informovaný/á na túto tému na ZŠ ani SŠ","Skôr nie","Skôr nie","Áno","ešte som nemal/a pohlavný styk","Nie som sexuálne aktívny/a","Nie","Skôr nie","Skôr áno","Neviem","Nie"
"2020/12/14 4:16:23 PM SEČ","Muž","15","Áno, jednorázovo","Nepamätám si","Skôr nie","Áno","Nie","ešte som nemal/a pohlavný styk","Nie som sexuálne aktívny/a","Nie","Skôr nie","Neviem","Neviem","Nie"
"2020/12/14 4:16:55 PM SEČ","Žena","19","Áno, jednorázovo","Vyhradená hodina v učebnom pláne na ZŠ","Nie","Nezaujíma ma to","Áno","ešte som nemal/a pohlavný styk","Nie som sexuálne aktívny/a","Nie","Skôr nie","Áno","Nie","Nie"
"2020/12/14 4:17:08 PM SEČ","Žena","16","Áno, jednorázovo","Rozdávanie informačných letákov;Vyhradená hodina v učebnom pláne na ZŠ","Skôr nie","Skôr áno","Nie","ešte som nemal/a pohlavný styk","Nie som sexuálne aktívny/a","Nie","Skôr nie","Neviem","Neviem","Nie"
"2020/12/14 4:17:27 PM SEČ","Žena","18","Nie","Nemal/a som žiadnu možnosť byť informovaný/á na túto tému na ZŠ ani SŠ","Nie","Áno","Nie","17-18","Prezervatív (kondóm)","Nie","Áno","Nie","Áno","Nie"
"2020/12/14 4:18:21 PM SEČ","Muž","16","Nie","Nemal/a som žiadnu možnosť byť informovaný/á na túto tému na ZŠ ani SŠ","Nie","Skôr áno","Nie","ešte som nemal/a pohlavný styk","Prezervatív (kondóm)","Nie","Skôr nie","Skôr nie","Neviem","Nie"
"2020/12/14 4:18:24 PM SEČ","Žena","19","Áno, jednorázovo","Výklad na hodine biológie SŠ","Nie","Skôr áno","Nie","ešte som nemal/a pohlavný styk","Nie som sexuálne aktívny/a","Nie","Nie","Nie","Nie","Áno, poznám"
"2020/12/14 4:18:33 PM SEČ","Muž","15","Áno, jednorázovo","Prezentácia/výklad lekára, odborníka;Rozdávanie informačných letákov;Vyhradená hodina v učebnom pláne na ZŠ","Skôr áno","Skôr áno","Nie","ešte som nemal/a pohlavný styk","Nie som sexuálne aktívny/a","Nie","Áno","Skôr nie","Áno","Nie"
"2020/12/14 4:18:39 PM SEČ","Muž","16","Áno, jednorázovo","Výklad na hodine biológie ZŠ","Nie","Skôr áno","Nie","ešte som nemal/a pohlavný styk","Nie som sexuálne aktívny/a","Nie","Skôr áno","Neviem","Skôr áno ako nie","Nie"
"2020/12/14 4:19:08 PM SEČ","Žena","16","Áno, jednorázovo","Vyhradená hodina v učebnom pláne na ZŠ","Nie","Skôr nie","Áno","ešte som nemal/a pohlavný styk","Nie som sexuálne aktívny/a","Nie","Nezaujíma ma to","Neviem","Neviem","Nie"
"2020/12/14 4:19:18 PM SEČ","Žena","16","Nie","Výklad na hodine biológie ZŠ","Skôr nie","Skôr áno","Nie","ešte som nemal/a pohlavný styk","Nie som sexuálne aktívny/a","Nie","Nie","Skôr áno","Áno","Nie"
"2020/12/14 4:19:29 PM SEČ","Žena","15","Áno, jednorázovo","Výklad na hodine biológie ZŠ;Prezentácia/výklad lekára, odborníka;Vyhradená hodina v učebnom pláne na ZŠ","Skôr nie","Skôr áno","Nie","ešte som nemal/a pohlavný styk","Nie som sexuálne aktívny/a","Nie","Skôr nie","Skôr nie","Neviem","Nie"
"2020/12/14 4:19:53 PM SEČ","Žena","18","Áno, jednorázovo","Výklad na hodine biológie ZŠ","Nie","Skôr nie","Nie","ešte som nemal/a pohlavný styk","Nie som sexuálne aktívny/a","Nie","Skôr nie","Nie","Áno","Nie"
"2020/12/14 4:22:20 PM SEČ","Žena","17","Nie","Nemal/a som žiadnu možnosť byť informovaný/á na túto tému na ZŠ ani SŠ","Skôr nie","Skôr nie","Nie","ešte som nemal/a pohlavný styk","Nie som sexuálne aktívny/a","Nie","Nie","Nie","Áno","Nie"
"2020/12/14 4:23:06 PM SEČ","Žena","16","Áno, jednorázovo","Výklad na hodine biológie ZŠ","Skôr nie","Skôr nie","Nie","ešte som nemal/a pohlavný styk","Nie som sexuálne aktívny/a","Nie","Skôr nie","Skôr nie","Áno","Nie"
"2020/12/14 4:23:55 PM SEČ","Žena","18","Nie","Nemal/a som žiadnu možnosť byť informovaný/á na túto tému na ZŠ ani SŠ","Áno","Áno","Nie","17-18","Antikoncepčné tabletky (s alebo bez obsahu estrgénov, minitabletky )","Áno","Skôr nie","Skôr áno","Áno","Nie"
"2020/12/14 4:24:07 PM SEČ","Muž","20","Áno, jednorázovo","Výklad na hodine biológie ZŠ","Skôr nie","Áno","Nie","15-16","Prezervatív (kondóm)","Nie","Áno","Áno","Nie","Nie"
"2020/12/14 4:24:18 PM SEČ","Žena","15","Nie","Nemal/a som žiadnu možnosť byť informovaný/á na túto tému na ZŠ ani SŠ","Skôr nie","Skôr nie","Áno","ešte som nemal/a pohlavný styk","Nie som sexuálne aktívny/a","Nie","Nie","Neviem","Áno","Nie"
"2020/12/14 4:25:40 PM SEČ","Muž","17","Áno, jednorázovo","Vyhradená hodina v učebnom pláne na ZŠ","Nie","Skôr nie","Nie","17-18","Prezervatív (kondóm)","Nie","Nie","Skôr nie","Áno","Nie"
"2020/12/14 4:26:45 PM SEČ","Muž","17","Nie","Nemal/a som žiadnu možnosť byť informovaný/á na túto tému na ZŠ ani SŠ","Nie","Nie","Nie","15-16","Prezervatív (kondóm)","Nie","Áno","Neviem","Áno","Nie"
"2020/12/14 4:27:45 PM SEČ","Žena","17","Nie","Nemal/a som žiadnu možnosť byť informovaný/á na túto tému na ZŠ ani SŠ","Skôr nie","Skôr nie","Nie","ešte som nemal/a pohlavný styk","Nie som sexuálne aktívny/a","Nie","Skôr áno","Skôr nie","Áno","Nie"
"2020/12/14 4:27:56 PM SEČ","Žena","16","Áno, jednorázovo","Prezentácia/výklad lekára, odborníka","Skôr áno","Áno","Nie","ešte som nemal/a pohlavný styk","Nie som sexuálne aktívny/a","Nie","Skôr áno","Neviem","Neviem","Nie"
"2020/12/14 4:28:07 PM SEČ","Muž","19","Áno, jednorázovo","Výklad na hodine biológie SŠ;Prezentácia/výklad lekára, odborníka;Vyhradená hodina v učebnom pláne na ZŠ","Skôr nie","Áno","Nie","17-18","Prezervatív (kondóm)","Nie","Skôr áno","Skôr nie","Áno","Nie"
"2020/12/14 4:28:34 PM SEČ","Žena","16","Áno, jednorázovo","Výklad na hodine biológie SŠ","Nie","Skôr áno","Nie","15-16","Prezervatív (kondóm);Prerušovaná súlož","Nie","Skôr áno","Nie","Áno","Nie"
"2020/12/14 4:29:33 PM SEČ","Žena","16","Áno, jednorázovo","Výklad na hodine biológie ZŠ;Vyhradená hodina v učebnom pláne na ZŠ","Skôr áno","Skôr áno","Nie","ešte som nemal/a pohlavný styk","Prezervatív (kondóm)","Nie","Skôr áno","Skôr nie","Áno","Nie"
"2020/12/14 4:30:25 PM SEČ","Žena","17","Áno, jednorázovo","Výklad na hodine biológie ZŠ;Prezentácia/výklad lekára, odborníka;Rozdávanie informačných letákov","Skôr áno","Skôr nie","Áno","ešte som nemal/a pohlavný styk","Nie som sexuálne aktívny/a","Nie","Skôr nie","Neviem","Neviem","Nie"
"2020/12/14 4:30:33 PM SEČ","Muž","16","Áno, jednorázovo","Výklad na hodine biológie ZŠ;Prezentácia/výklad lekára, odborníka","Skôr áno","Skôr áno","Nie","ešte som nemal/a pohlavný styk","Nie som sexuálne aktívny/a","Nie","Skôr nie","Neviem","Neviem","Nie"
"2020/12/14 4:32:39 PM SEČ","Muž","15","Áno, jednorázovo","Výklad na hodine biológie SŠ;Prezentácia/výklad lekára, odborníka;Vyhradená hodina v učebnom pláne na ZŠ","Áno","Skôr nie","Nie","ešte som nemal/a pohlavný styk","Nie som sexuálne aktívny/a","Nie","Skôr nie","Neviem","Neviem","Nie"
"2020/12/14 4:33:01 PM SEČ","Muž","18","Nie","Nemal/a som žiadnu možnosť byť informovaný/á na túto tému na ZŠ ani SŠ","Nie","Skôr nie","Nie","17-18","Prezervatív (kondóm)","Áno","Skôr nie","Skôr nie","Áno","Áno, poznám"
"2020/12/14 4:34:11 PM SEČ","Žena","17","Nie","Nemal/a som žiadnu možnosť byť informovaný/á na túto tému na ZŠ ani SŠ","Nie","Skôr áno","Nie","15-16","Prezervatív (kondóm);Prerušovaná súlož","Áno","Nezaujíma ma to","Neviem","Áno","Áno, poznám"
"2020/12/14 4:34:17 PM SEČ","Žena","16","Nie","Nemal/a som žiadnu možnosť byť informovaný/á na túto tému na ZŠ ani SŠ","Nie","Skôr nie","Nie","ešte som nemal/a pohlavný styk","Nie som sexuálne aktívny/a","Nie","Skôr nie","Neviem","Áno","Nie"
"2020/12/14 4:34:56 PM SEČ","Žena","17","Nie","Nemal/a som žiadnu možnosť byť informovaný/á na túto tému na ZŠ ani SŠ","Skôr nie","Skôr áno","Nie","ešte som nemal/a pohlavný styk","Nie som sexuálne aktívny/a","Nie","Skôr áno","Nie","Áno","Nie"
"2020/12/14 4:35:02 PM SEČ","Žena","19","Áno, jednorázovo","Nepamätám si","Áno","Skôr áno","Nie","17-18","Prezervatív (kondóm)","Áno","Skôr áno","Nie","Áno","Áno, poznám"
"2020/12/14 4:35:57 PM SEČ","Žena","17","Nie","Vyhradená hodina v učebnom pláne na ZŠ","Skôr nie","Skôr áno","Nie","15-16","Prezervatív (kondóm)","Nie","Skôr nie","Skôr áno","Áno","Nie"
"2020/12/14 4:38:05 PM SEČ","Žena","16","Áno, jednorázovo","Vyhradená hodina v učebnom pláne na ZŠ","Áno","Áno","Nie","ešte som nemal/a pohlavný styk","Nie som sexuálne aktívny/a","Nie","Skôr áno","Neviem","Neviem","Áno, poznám"
"2020/12/14 4:38:18 PM SEČ","Žena","17","Áno, jednorázovo","Výklad na hodine biológie ZŠ;Prezentácia/výklad lekára, odborníka","Skôr nie","Skôr áno","Nie","ešte som nemal/a pohlavný styk","Nie som sexuálne aktívny/a","Nie","Skôr áno","Nie","Áno","Nie"
"2020/12/14 4:40:15 PM SEČ","Muž","17","Áno, jednorázovo","Výklad na hodine biológie ZŠ;Výklad na hodine biológie SŠ;Vyhradená hodina v učebnom pláne na ZŠ","Áno","Skôr nie","Nie","ešte som nemal/a pohlavný styk","Nie som sexuálne aktívny/a","Nie","Skôr áno","Neviem","Neviem","Nie"
"2020/12/14 4:41:09 PM SEČ","Žena","16","Áno, jednorázovo","Prezentácia/výklad lekára, odborníka","Skôr nie","Skôr nie","Nie","ešte som nemal/a pohlavný styk","Nie som sexuálne aktívny/a","Nie","Nie","Skôr áno","Neviem","Nie"
"2020/12/14 4:41:52 PM SEČ","Žena","16","Áno, jednorázovo","Výklad na hodine biológie ZŠ","Nie","Skôr áno","Nie","15-16","Nie som sexuálne aktívny/a","Nie","Skôr nie","Skôr áno","Áno","Áno, poznám"
"2020/12/14 4:46:43 PM SEČ","Žena","18","Nie","Nemal/a som žiadnu možnosť byť informovaný/á na túto tému na ZŠ ani SŠ","Nie","Áno","Nie","15-16","Prezervatív (kondóm)","Áno","Nie","Nie","Áno","Áno, poznám"
"2020/12/14 4:50:57 PM SEČ","Muž","18","Áno, jednorázovo","Prezentácia/výklad lekára, odborníka","Skôr áno","Áno","Nie","ešte som nemal/a pohlavný styk","Nie som sexuálne aktívny/a","Nie","Nie","Nie","Neviem","Nie"
"2020/12/14 4:52:43 PM SEČ","Žena","19","Áno, jednorázovo","Rozdávanie informačných letákov","Áno","Áno","Nie","17-18","Prezervatív (kondóm)","Áno","Skôr nie","Nie","Áno","Áno, poznám"
"2020/12/14 4:55:09 PM SEČ","Muž","15","Áno, jednorázovo","Nemal/a som žiadnu možnosť byť informovaný/á na túto tému na ZŠ ani SŠ;Nepamätám si","Skôr nie","Skôr áno","Nie","ešte som nemal/a pohlavný styk","Nie som sexuálne aktívny/a","Nie","Skôr áno","Skôr nie","Neviem","Nie"
"2020/12/14 4:55:33 PM SEČ","Muž","17","Áno, jednorázovo","Výklad na hodine biológie ZŠ;Rozdávanie informačných letákov","Skôr áno","Áno","Nie","17-18","Prezervatív (kondóm)","Nie","Nie","Skôr nie","Áno","Nie"
"2020/12/14 4:58:07 PM SEČ","Žena","15 ","Áno, jednorázovo","Prezentácia/výklad lekára, odborníka","Skôr áno","Skôr áno","Nie","15-16","","Nie","Skôr áno","Nie","Áno","Áno, poznám"
"2020/12/14 4:59:53 PM SEČ","Žena","17","Áno, jednorázovo","Výklad na hodine biológie ZŠ","Skôr nie","Skôr áno","Nie","17-18","Prezervatív (kondóm)","Nie","Skôr nie","Nie","Áno","Áno, poznám"
"2020/12/14 5:01:20 PM SEČ","Žena","15","Áno, jednorázovo","Výklad na hodine biológie ZŠ","Skôr áno","Nie","Nie","ešte som nemal/a pohlavný styk","Nie som sexuálne aktívny/a","Nie","Skôr áno","Áno","Áno","Nie"
"2020/12/14 5:01:35 PM SEČ","Muž","17","Nie","Nemal/a som žiadnu možnosť byť informovaný/á na túto tému na ZŠ ani SŠ","Nie","Skôr áno","Nie","ešte som nemal/a pohlavný styk","Nie som sexuálne aktívny/a","Nie","Skôr nie","Neviem","Áno","Nie"
"2020/12/14 5:02:45 PM SEČ","Žena","16","Áno, jednorázovo","Prezentácia/výklad lekára, odborníka;Rozdávanie informačných letákov","Skôr áno","Nie","Nie","ešte som nemal/a pohlavný styk","Nie som sexuálne aktívny/a","Nie","Skôr áno","Nie","Nie","Áno, poznám"
"2020/12/14 5:02:53 PM SEČ","Žena","60","Nie","Nemal/a som žiadnu možnosť byť informovaný/á na túto tému na ZŠ ani SŠ","Nie","Skôr áno","Áno","21-25","Nie som sexuálne aktívny/a","Nie","Skôr áno","Nie","Neviem","Áno, poznám"
"2020/12/14 5:06:04 PM SEČ","Žena","16","Áno, jednorázovo","Výklad na hodine biológie ZŠ","Skôr nie","Áno","Áno","ešte som nemal/a pohlavný styk","Nie som sexuálne aktívny/a","Nie","Nie","Áno","Nie","Nie"
"2020/12/14 5:08:53 PM SEČ","Muž","15","Nie","Nepamätám si","Nie","Skôr áno","Nie","ešte som nemal/a pohlavný styk","Nie som sexuálne aktívny/a","Nie","Skôr áno","Neviem","Neviem","Nie"
"2020/12/14 5:09:10 PM SEČ","Žena","16","Áno, jednorázovo","Výklad na hodine biológie ZŠ","Nie","Nie","Nie","ešte som nemal/a pohlavný styk","Nie som sexuálne aktívny/a","Nie","Skôr nie","Skôr áno","Nie","Nie"
"2020/12/14 5:09:50 PM SEČ","Žena","18","Nie","Nemal/a som žiadnu možnosť byť informovaný/á na túto tému na ZŠ ani SŠ","Skôr áno","Skôr nie","Nie","17-18","Prezervatív (kondóm)","Nie","Skôr áno","Skôr áno","Nie","Nie"
"2020/12/14 5:10:25 PM SEČ","Muž","17","Nie","Nemal/a som žiadnu možnosť byť informovaný/á na túto tému na ZŠ ani SŠ","Nie","Skôr áno","Nie","ešte som nemal/a pohlavný styk","Nie som sexuálne aktívny/a","Nie","Skôr áno","Nie","Áno","Áno, poznám"
"2020/12/14 5:10:39 PM SEČ","Muž","18","Áno, jednorázovo","Vyhradená hodina v učebnom pláne na ZŠ","Skôr nie","Áno","Nie","17-18","Prezervatív (kondóm);Prerušovaná súlož","Áno","Skôr nie","Nie","Nie","Nie"
"2020/12/14 5:11:06 PM SEČ","Žena","15","Áno, jednorázovo","Prezentácia/výklad lekára, odborníka","Áno","Áno","Nie","ešte som nemal/a pohlavný styk","Nie som sexuálne aktívny/a","Nie","Skôr nie","Neviem","Neviem","Nie"
"2020/12/14 5:11:37 PM SEČ","Žena","15","Áno, pravidelne","Prezentácia/výklad lekára, odborníka","Áno","Áno","Áno","ešte som nemal/a pohlavný styk","Nie som sexuálne aktívny/a","Nie","Áno","Neviem","Neviem","Nie"
"2020/12/14 5:13:12 PM SEČ","Žena","17","Áno, jednorázovo","Prezentácia/výklad lekára, odborníka","Áno","Nie","Nie","ešte som nemal/a pohlavný styk","Nie som sexuálne aktívny/a","Nie","Nie","Neviem","Neviem","Nie"
"2020/12/14 5:13:25 PM SEČ","Muž","16","Áno, jednorázovo","Vyhradená hodina v učebnom pláne na ZŠ","Skôr nie","Skôr nie","Nie","ešte som nemal/a pohlavný styk","Nie som sexuálne aktívny/a","Nie","Skôr nie","Neviem","Neviem","Nie"
"2020/12/14 5:14:49 PM SEČ","Žena","15","Áno, jednorázovo","Výklad na hodine biológie ZŠ;Vyhradená hodina v učebnom pláne na ZŠ;na hodine etickej výchovy (ZŠ)","Skôr nie","Skôr nie","Nie","ešte som nemal/a pohlavný styk","Nie som sexuálne aktívny/a","Nie","Nie","Neviem","Neviem","Nie"
"2020/12/14 5:15:12 PM SEČ","Žena","16","Áno, jednorázovo","Výklad na hodine biológie ZŠ;Prezentácia/výklad lekára, odborníka","Nie","Skôr nie","Nie","ešte som nemal/a pohlavný styk","Nie som sexuálne aktívny/a","Nie","Skôr nie","Nie","Áno","Nie"
"2020/12/14 5:15:15 PM SEČ","Muž","15","Áno, jednorázovo","Na ZŠ sme sa o tom bavili na etickej výchove, to len jednu hodinu","Skôr nie","Skôr áno","Nie","ešte som nemal/a pohlavný styk","Nie som sexuálne aktívny/a","Nie","Nezaujíma ma to","Neviem","Neviem","Nie"
"2020/12/14 5:26:00 PM SEČ","Muž","16","Nie","Nemal/a som žiadnu možnosť byť informovaný/á na túto tému na ZŠ ani SŠ","Skôr nie","Skôr áno","Nie","ešte som nemal/a pohlavný styk","Nie som sexuálne aktívny/a","Nie","Skôr áno","Skôr nie","Neviem","Nie"
"2020/12/14 5:26:38 PM SEČ","Žena","18","Áno, jednorázovo","Vyhradená hodina v učebnom pláne na SŠ","Áno","Skôr áno","Nie","ešte som nemal/a pohlavný styk","Nie som sexuálne aktívny/a","Nie","Skôr nie","Nie","Neviem","Nie"
"2020/12/14 5:26:51 PM SEČ","Žena","16","Áno, jednorázovo","Výklad na hodine biológie ZŠ","Skôr nie","Nezaujíma ma to","Nie","ešte som nemal/a pohlavný styk","Nie som sexuálne aktívny/a","Nie","Áno","Nie","Áno","Áno, poznám"
"2020/12/14 5:28:37 PM SEČ","Muž","16","Nie","Nemal/a som žiadnu možnosť byť informovaný/á na túto tému na ZŠ ani SŠ","Nie","Skôr áno","Nie","ešte som nemal/a pohlavný styk","Nie som sexuálne aktívny/a","Nie","Skôr nie","Nie","Áno","Nie"
"2020/12/14 5:28:51 PM SEČ","Žena","16","Áno, jednorázovo","Výklad na hodine biológie ZŠ;Vyhradená hodina v učebnom pláne na ZŠ","Nie","Skôr áno","Áno","ešte som nemal/a pohlavný styk","Nie som sexuálne aktívny/a","Nie","Skôr áno","Skôr nie","Neviem","Nie"
"2020/12/14 5:29:11 PM SEČ","Muž","18","Nie","Nemal/a som žiadnu možnosť byť informovaný/á na túto tému na ZŠ ani SŠ","Nie","Skôr nie","Nie","ešte som nemal/a pohlavný styk","Nie som sexuálne aktívny/a","Nie","Skôr nie","Neviem","Neviem","Nie"
"2020/12/14 5:30:33 PM SEČ","Žena","18","Nie","Nemal/a som žiadnu možnosť byť informovaný/á na túto tému na ZŠ ani SŠ","Áno","Skôr áno","Nie","17-18","Prezervatív (kondóm)","Nie","Skôr nie","Neviem","Neviem","Nie"
"2020/12/14 5:34:04 PM SEČ","Žena","15","Áno, jednorázovo","Nemal/a som žiadnu možnosť byť informovaný/á na túto tému na ZŠ ani SŠ;Prezentácia/výklad lekára, odborníka","Áno","Skôr áno","Nie","ešte som nemal/a pohlavný styk","Nie som sexuálne aktívny/a","Nie","Skôr nie","Nie","Áno","Nie"
"2020/12/14 5:39:41 PM SEČ","Žena","15","Áno, jednorázovo","Výklad na hodine biológie ZŠ;Vyhradená hodina v učebnom pláne na ZŠ","Skôr nie","Skôr áno","Nie","ešte som nemal/a pohlavný styk","Nie som sexuálne aktívny/a","Nie","Skôr áno","Nie","Áno","Nie"
"2020/12/14 5:45:08 PM SEČ","Žena","39","Nie","Nemal/a som žiadnu možnosť byť informovaný/á na túto tému na ZŠ ani SŠ","Skôr nie","Áno","Nie","19-20","Prezervatív (kondóm)","Áno","Skôr nie","Skôr nie","Áno","Áno, poznám"
"2020/12/14 5:45:32 PM SEČ","Žena","15","Áno, jednorázovo","Výklad na hodine biológie ZŠ","Skôr áno","Nie","Nie","ešte som nemal/a pohlavný styk","Nie som sexuálne aktívny/a","Nie","Skôr áno","Áno","Áno","Nie"
"2020/12/14 5:52:42 PM SEČ","Žena","15","Áno, jednorázovo","Vyhradená hodina v učebnom pláne na ZŠ","Skôr nie","Skôr áno","Nie","ešte som nemal/a pohlavný styk","Nie som sexuálne aktívny/a","Nie","Skôr nie","Neviem","Neviem","Nie"
"2020/12/14 5:58:02 PM SEČ","Žena","16","Áno, jednorázovo","Prezentácia/výklad lekára, odborníka","Skôr áno","Skôr áno","Nie","ešte som nemal/a pohlavný styk","Nie som sexuálne aktívny/a","Nie","Skôr áno","Skôr áno","Neviem","Nie"
"2020/12/14 5:59:47 PM SEČ","Žena","17 ","Áno, jednorázovo","Výklad na hodine biológie ZŠ;Prezentácia/výklad lekára, odborníka","Áno","Áno","Nie","15-16","Prezervatív (kondóm)","Nie","Áno","Nie","Áno","Áno, poznám"
"2020/12/14 6:00:29 PM SEČ","Žena","16","Nie","Nemal/a som žiadnu možnosť byť informovaný/á na túto tému na ZŠ ani SŠ","Skôr áno","Skôr nie","Nie","ešte som nemal/a pohlavný styk","Nie som sexuálne aktívny/a","Nie","Skôr nie","Neviem","Áno","Nie"
"2020/12/14 6:00:29 PM SEČ","Žena","16","Áno, jednorázovo","Prezentácia/výklad lekára, odborníka","Áno","Skôr nie","Nie","ešte som nemal/a pohlavný styk","Nie som sexuálne aktívny/a","Nie","Nie","Nie","Áno","Nie"
"2020/12/14 6:01:26 PM SEČ","Žena","18","Áno, jednorázovo","Výklad na hodine biológie ZŠ","Skôr áno","Skôr áno","Nie","ešte som nemal/a pohlavný styk","Prezervatív (kondóm);Antikoncepčné tabletky (s alebo bez obsahu estrgénov, minitabletky );Antikoncepčný implantát","Nie","Skôr nie","Nie","Neviem","Nie"
"2020/12/14 6:07:39 PM SEČ","Žena","16","Áno, jednorázovo","Prezentácia/výklad lekára, odborníka","Skôr áno","Áno","Nie","ešte som nemal/a pohlavný styk","Nie som sexuálne aktívny/a","Nie","Skôr nie","Skôr nie","Áno","Nie"
"2020/12/14 6:17:53 PM SEČ","Žena","17","Nie","Nemal/a som žiadnu možnosť byť informovaný/á na túto tému na ZŠ ani SŠ","Skôr nie","Skôr áno","Nie","15-16","Prezervatív (kondóm)","Áno","Skôr nie","Nie","Áno","Áno, poznám"
"2020/12/14 6:20:38 PM SEČ","Žena","15","Áno, jednorázovo","Výklad na hodine biológie ZŠ;Prezentácia/výklad lekára, odborníka","Skôr áno","Skôr nie","Nie","ešte som nemal/a pohlavný styk","Nie som sexuálne aktívny/a","Nie","Skôr áno","Nie","Áno","Nie"
"2020/12/14 6:26:24 PM SEČ","Muž","16","Áno, jednorázovo","Výklad na hodine biológie ZŠ","Skôr áno","Skôr áno","Nie","15-16","Prezervatív (kondóm)","Nie","Skôr áno","Nie","Áno","Nie"
"2020/12/14 6:27:07 PM SEČ","Žena","17","Áno, jednorázovo","Výklad na hodine biológie ZŠ","Skôr nie","Skôr áno","Nie","15-16","Prezervatív (kondóm)","Nie","Skôr nie","Nie","Áno","Nie"
"2020/12/14 6:30:17 PM SEČ","Muž","18","Nie","Nemal/a som žiadnu možnosť byť informovaný/á na túto tému na ZŠ ani SŠ","Áno","Skôr áno","Nie","17-18","Prerušovaná súlož","Áno","Skôr áno","Nie","Áno","Nie"
"2020/12/14 6:36:58 PM SEČ","Muž","19","Nie","Nepamätám si","Skôr áno","Skôr áno","Nie","15-16","Nie som sexuálne aktívny/a;Prezervatív (kondóm)","Nie","Nie","Nie","Áno","Nie"
"2020/12/14 6:37:14 PM SEČ","Muž","17","Áno, jednorázovo","Výklad na hodine biológie ZŠ;Vyhradená hodina v učebnom pláne na ZŠ","Skôr nie","Skôr áno","Nie","ešte som nemal/a pohlavný styk","Nie som sexuálne aktívny/a","Nie","Skôr nie","Skôr áno","Neviem","Nie"
"2020/12/14 6:37:25 PM SEČ","Žena","16","Nie","Nemal/a som žiadnu možnosť byť informovaný/á na túto tému na ZŠ ani SŠ","Áno","Áno","Nie","15-16","Prezervatív (kondóm)","Nie","Skôr áno","Skôr nie","Áno","Nie"
"2020/12/14 6:37:47 PM SEČ","Žena","16","Áno, jednorázovo","Nepamätám si","Nie","Nie","Nie","ešte som nemal/a pohlavný styk","Nie som sexuálne aktívny/a","Nie","Skôr nie","Áno","Nie","Nie"
"2020/12/14 6:39:11 PM SEČ","Muž","17","Nie","Nemal/a som žiadnu možnosť byť informovaný/á na túto tému na ZŠ ani SŠ","Skôr nie","Skôr áno","Nie","ešte som nemal/a pohlavný styk","Nie som sexuálne aktívny/a","Nie","Skôr nie","Skôr nie","Áno","Áno, poznám"
"2020/12/14 6:39:37 PM SEČ","Žena","17","Áno, jednorázovo","Výklad na hodine biológie ZŠ","Skôr nie","Skôr áno","Nie","17-18","Prezervatív (kondóm)","Nie","Skôr nie","Nie","Áno","Áno, poznám"
"2020/12/14 6:47:17 PM SEČ","Žena","49","Áno, jednorázovo","Výklad na hodine biológie ZŠ;Vyhradená hodina v učebnom pláne na SŠ","Skôr nie","Áno","Nie","17-18","Prezervatív (kondóm)","Áno","Áno","Nie","Áno","Áno, poznám"
"2020/12/14 6:47:45 PM SEČ","Žena","18","Nie","Nemal/a som žiadnu možnosť byť informovaný/á na túto tému na ZŠ ani SŠ","Skôr áno","Skôr nie","Nie","17-18","Prezervatív (kondóm)","Nie","Skôr áno","Skôr áno","Nie","Nie"
"2020/12/14 6:50:24 PM SEČ","Muž","16","Áno, jednorázovo","Výklad na hodine biológie ZŠ;Vyhradená hodina v učebnom pláne na ZŠ","Nie","Skôr áno","Nie","ešte som nemal/a pohlavný styk","Nie som sexuálne aktívny/a","Nie","Áno","Skôr nie","Áno","Nie"
"2020/12/14 6:53:55 PM SEČ","Muž","18","Áno, jednorázovo","Výklad na hodine biológie ZŠ;Prezentácia/výklad lekára, odborníka","Nie","Áno","Áno","ešte som nemal/a pohlavný styk","Počkať so sexom do svadby","Nie","Skôr áno","Áno","Nie","Nie"
"2020/12/14 6:54:29 PM SEČ","Žena","17","Áno, jednorázovo","Prezentácia/výklad lekára, odborníka","Skôr nie","Skôr áno","Nie","ešte som nemal/a pohlavný styk","Nie som sexuálne aktívny/a","Nie","Skôr nie","Nie","Neviem","Nie"
"2020/12/14 6:57:24 PM SEČ","Muž","18","Áno, jednorázovo","Prednáška","Skôr nie","Skôr áno","Áno","ešte som nemal/a pohlavný styk","Nie som sexuálne aktívny/a;Prezervatív (kondóm)","Nie","Áno","Áno","Nie","Áno, poznám"
"2020/12/14 7:04:25 PM SEČ","Žena","16","Áno, jednorázovo","Prezentácia/výklad lekára, odborníka","Skôr áno","Áno","Nie","ešte som nemal/a pohlavný styk","Nie som sexuálne aktívny/a","Nie","Skôr nie","Skôr nie","Áno","Nie"
"2020/12/14 7:05:16 PM SEČ","Muž","19","Nie","nemal som","Skôr nie","Áno","Nie","17-18","Nie som sexuálne aktívny/a","Nie","Skôr nie","Áno","Nie","Nie"
"2020/12/14 7:09:51 PM SEČ","Muž","17","Nie","Nemal/a som žiadnu možnosť byť informovaný/á na túto tému na ZŠ ani SŠ","Skôr nie","Skôr áno","Nie","ešte som nemal/a pohlavný styk","Nie som sexuálne aktívny/a","Nie","Skôr nie","Skôr nie","Nie","Nie"
"2020/12/14 7:10:37 PM SEČ","Žena","19","Áno, jednorázovo","Výklad na hodine biológie ZŠ;Výklad na hodine biológie SŠ","Nie","Skôr áno","Nie","17-18","Antikoncepčné tabletky (s alebo bez obsahu estrgénov, minitabletky )","Nie","Áno","Skôr nie","Nie","Nie"
"2020/12/14 7:14:37 PM SEČ","Žena","16","Áno, jednorázovo","Výklad na hodine biológie ZŠ;Rozdávanie informačných letákov;Vyhradená hodina v učebnom pláne na ZŠ","Nie","Áno","Nie","ešte som nemal/a pohlavný styk","Nie som sexuálne aktívny/a","Nie","Skôr nie","Nie","Nie","Nie"
"2020/12/14 7:20:51 PM SEČ","Muž","16","Nie","Nemal/a som žiadnu možnosť byť informovaný/á na túto tému na ZŠ ani SŠ","Nie","Skôr nie","Nie","ešte som nemal/a pohlavný styk","Nie som sexuálne aktívny/a","Nie","Skôr nie","Skôr áno","Neviem","Nie"
"2020/12/14 7:35:35 PM SEČ","Žena","16","Áno, jednorázovo","Výklad na hodine biológie SŠ","Nie","Skôr áno","Nie","15-16","Prezervatív (kondóm);Prerušovaná súlož","Nie","Skôr áno","Nie","Áno","Nie"
"2020/12/14 7:40:00 PM SEČ","Muž","17","Áno, jednorázovo","Prezentácia/výklad lekára, odborníka","Skôr áno","Skôr áno","Nie","ešte som nemal/a pohlavný styk","Nie som sexuálne aktívny/a","Nie","Áno","Nie","Áno","Nie"
"2020/12/14 7:41:14 PM SEČ","Žena","15","Nie","Nemal/a som žiadnu možnosť byť informovaný/á na túto tému na ZŠ ani SŠ","Skôr nie","Skôr áno","Nie","15-16","Prezervatív (kondóm)","Nie","Nie","Nie","Áno","Áno, poznám"
"2020/12/14 7:41:49 PM SEČ","Žena","15","Áno, jednorázovo","Prezentácia/výklad lekára, odborníka","Áno","Áno","Áno","ešte som nemal/a pohlavný styk","Nie som sexuálne aktívny/a","Nie","Skôr nie","Áno","Nie","Áno, poznám"
"2020/12/14 7:46:47 PM SEČ","Žena","18","Áno, jednorázovo","Rozdávanie informačných letákov","Skôr nie","Áno","Nie","15-16","Prezervatív (kondóm);Antikoncepčné tabletky (s alebo bez obsahu estrgénov, minitabletky )","Nie","Skôr nie","Skôr nie","Áno","Áno, poznám"
"2020/12/14 7:48:49 PM SEČ","Žena","16","Áno, jednorázovo","Vyhradená hodina v učebnom pláne na ZŠ","Áno","Skôr áno","Nie","ešte som nemal/a pohlavný styk","Nie som sexuálne aktívny/a","Nie","Áno","Nie","Áno","Nie"
"2020/12/14 7:49:46 PM SEČ","Žena","18","Áno, jednorázovo","Výklad na hodine biológie ZŠ;Výklad na hodine biológie SŠ;Rozdávanie informačných letákov;Vyhradená hodina v učebnom pláne na ZŠ","Nie","Áno","Nie","ešte som nemal/a pohlavný styk","Nie som sexuálne aktívny/a","Nie","Skôr áno","Nie","Neviem","Áno, poznám"
"2020/12/14 8:01:39 PM SEČ","Muž","16","Áno, pravidelne","Výklad na hodine biológie ZŠ;Výklad na hodine biológie SŠ","Skôr áno","Áno","Nie","ešte som nemal/a pohlavný styk","Nie som sexuálne aktívny/a","Nie","Áno","Nie","Áno","Nie"
"2020/12/14 8:09:33 PM SEČ","Muž","18","Nie","Nemal/a som žiadnu možnosť byť informovaný/á na túto tému na ZŠ ani SŠ","Skôr áno","Skôr áno","Nie","17-18","Prezervatív (kondóm)","Nie","Áno","Áno","Nie","Nie"
"2020/12/14 8:14:46 PM SEČ","Žena","15","Áno, jednorázovo","Prezentácia/výklad lekára, odborníka","Skôr nie","Skôr nie","Nie","ešte som nemal/a pohlavný styk","Nie som sexuálne aktívny/a","Nie","Skôr nie","Skôr áno","Áno","Nie"
"2020/12/14 8:18:44 PM SEČ","Žena","15","Nie","Nemal/a som žiadnu možnosť byť informovaný/á na túto tému na ZŠ ani SŠ","Áno","Skôr áno","Nie","15-16","Prerušovaná súlož","Nie","Skôr nie","Nie","Áno","Nie"
"2020/12/14 8:21:30 PM SEČ","Žena","18","Áno, jednorázovo","Výklad na hodine biológie ZŠ;Prezentácia/výklad lekára, odborníka;Rozdávanie informačných letákov","Skôr áno","Skôr áno","Nie","17-18","Prezervatív (kondóm);Metódy založené na znalosti plodnosti (neplodné okno);Prerušovaná súlož","Nie","Nie","Nie","Áno","Áno, poznám"
"2020/12/14 8:32:33 PM SEČ","Žena","17","Áno, jednorázovo","Výklad na hodine biológie ZŠ","Nie","Skôr nie","Nie","15-16","Prerušovaná súlož","Nie","Nie","Skôr nie","Áno","Nie"
"2020/12/14 8:32:51 PM SEČ","Žena","16","Nie","Nemal/a som žiadnu možnosť byť informovaný/á na túto tému na ZŠ ani SŠ","Skôr nie","Skôr nie","Nie","ešte som nemal/a pohlavný styk","Nie som sexuálne aktívny/a","Nie","Nie","Neviem","Neviem","Nie"
"2020/12/14 8:36:30 PM SEČ","Žena","16","Nie","Nemal/a som žiadnu možnosť byť informovaný/á na túto tému na ZŠ ani SŠ","Áno","Skôr áno","Nie","ešte som nemal/a pohlavný styk","Nie som sexuálne aktívny/a","Nie","Skôr áno","Neviem","Nie","Nie"
"2020/12/14 8:39:06 PM SEČ","Žena","15","Áno, jednorázovo","Výklad na hodine biológie ZŠ","Skôr áno","Skôr nie","Nie","ešte som nemal/a pohlavný styk","Nie som sexuálne aktívny/a","Nie","Nie","Neviem","Neviem","Nie"
"2020/12/14 8:43:12 PM SEČ","Žena","16","Áno, jednorázovo","Výklad na hodine biológie ZŠ;Rozdávanie informačných letákov","Skôr nie","Áno","Nie","ešte som nemal/a pohlavný styk","Nie som sexuálne aktívny/a","Nie","Skôr áno","Skôr nie","Neviem","Áno, poznám"
"2020/12/14 8:44:09 PM SEČ","Muž","15","Nie","Nemal/a som žiadnu možnosť byť informovaný/á na túto tému na ZŠ ani SŠ","Áno","Skôr áno","Nie","ešte som nemal/a pohlavný styk","Nie som sexuálne aktívny/a;Prezervatív (kondóm)","Nie","Áno","Áno","Áno","Nie"
"2020/12/14 8:44:33 PM SEČ","Žena","15","Áno, jednorázovo","Prezentácia/výklad lekára, odborníka","Áno","Skôr áno","Nie","ešte som nemal/a pohlavný styk","Nie som sexuálne aktívny/a","Nie","Skôr áno","Skôr nie","Áno","Nie"
"2020/12/14 9:05:27 PM SEČ","Žena","18","Nie","Nemal/a som žiadnu možnosť byť informovaný/á na túto tému na ZŠ ani SŠ","Áno","Skôr áno","Nie","15-16","Prezervatív (kondóm);Prerušovaná súlož","Nie","Skôr nie","Skôr áno","Áno","Nie"
"2020/12/14 9:06:47 PM SEČ","Žena","15","Áno, jednorázovo","Výklad na hodine biológie ZŠ;Vyhradená hodina v učebnom pláne na ZŠ","Skôr nie","Skôr áno","Nie","ešte som nemal/a pohlavný styk","Nie som sexuálne aktívny/a","Nie","Nie","Nie","Áno","Áno, poznám"
"2020/12/14 9:09:01 PM SEČ","Muž","18","Áno, jednorázovo","Výklad na hodine biológie ZŠ;Vyhradená hodina v učebnom pláne na ZŠ","Áno","Skôr áno","Nie","17-18","Prezervatív (kondóm)","Nie","Nie","Skôr nie","Určite áno, je to jedna z možností. Pre mladých ľudí dosť častá možnosť.","Nie"
"2020/12/14 9:10:29 PM SEČ","Muž","15","Nie","Nemal/a som žiadnu možnosť byť informovaný/á na túto tému na ZŠ ani SŠ","Nie","Áno","Nie","ešte som nemal/a pohlavný styk","Nie som sexuálne aktívny/a","Nie","Skôr áno","Neviem","Neviem","Nie"
"2020/12/14 9:16:26 PM SEČ","Muž","15","Nie","Nemal/a som žiadnu možnosť byť informovaný/á na túto tému na ZŠ ani SŠ","Skôr nie","Áno","Nie","ešte som nemal/a pohlavný styk","Nie som sexuálne aktívny/a","Nie","Áno","Nie","Áno","Nie"
"2020/12/14 9:30:13 PM SEČ","Žena","18","Áno, jednorázovo","Prezentácia/výklad lekára, odborníka","Skôr nie","Áno","Nie","15-16","Prezervatív (kondóm);Metódy založené na znalosti plodnosti (neplodné okno)","Áno","Áno","Nie","Áno","Nie"
"2020/12/14 9:33:16 PM SEČ","Žena","17","Nie","Nemal/a som žiadnu možnosť byť informovaný/á na túto tému na ZŠ ani SŠ","Nie","Skôr áno","Áno","ešte som nemal/a pohlavný styk","Nie som sexuálne aktívny/a","Nie","Skôr áno","Nie","Áno","Nie"
"2020/12/14 9:33:39 PM SEČ","Žena","16","Áno, jednorázovo","Vyhradená hodina v učebnom pláne na ZŠ","Skôr nie","Skôr nie","Nie","ešte som nemal/a pohlavný styk","Nie som sexuálne aktívny/a","Nie","Skôr nie","Nie","Áno","Nie"
"2020/12/14 9:42:42 PM SEČ","Žena","17","Nie","Nemal/a som žiadnu možnosť byť informovaný/á na túto tému na ZŠ ani SŠ","Skôr nie","Skôr nie","Nie","ešte som nemal/a pohlavný styk","Nie som sexuálne aktívny/a","Nie","Skôr nie","Nie","Neviem","Nie"
"2020/12/14 9:48:29 PM SEČ","Muž","17","Nie","Nemal/a som žiadnu možnosť byť informovaný/á na túto tému na ZŠ ani SŠ","Nie","Áno","Nie","ešte som nemal/a pohlavný styk","Nie som sexuálne aktívny/a","Nie","Skôr áno","Áno","Nie","Nie"
"2020/12/14 9:50:28 PM SEČ","Žena","19","Áno, jednorázovo","Výklad na hodine biológie ZŠ;Výklad na hodine biológie SŠ","Nie","Skôr áno","Nie","17-18","Antikoncepčné tabletky (s alebo bez obsahu estrgénov, minitabletky )","Nie","Áno","Skôr nie","Nie","Nie"
"2020/12/14 9:50:49 PM SEČ","Žena","15","Nie","Nemal/a som žiadnu možnosť byť informovaný/á na túto tému na ZŠ ani SŠ","Skôr nie","Skôr áno","Nie","15-16","Prezervatív (kondóm)","Nie","Nie","Nie","Áno","Áno, poznám"
"2020/12/14 9:57:45 PM SEČ","Žena","18","Áno, jednorázovo","Výklad na hodine biológie ZŠ;Prezentácia/výklad lekára, odborníka;Rozdávanie informačných letákov","Nie","Áno","Nie","17-18","Prezervatív (kondóm)","Nie","Nie","Skôr nie","Neviem","Nie"
"2020/12/14 9:58:49 PM SEČ","Muž","18","Nepamätám si","Nepamätám si","Nie","Áno","Nie","ešte som nemal/a pohlavný styk","Nie som sexuálne aktívny/a","Nie","Áno","Neviem","Áno","Nie"
"2020/12/14 10:00:57 PM SEČ","Žena","17","Nie","Vyhradená hodina v učebnom pláne na ZŠ","Skôr nie","Skôr áno","Nie","15-16","Prezervatív (kondóm)","Nie","Skôr nie","Skôr áno","Áno","Nie"
"2020/12/14 10:02:48 PM SEČ","Žena","15","Áno, jednorázovo","Výklad na hodine biológie ZŠ;Vyhradená hodina v učebnom pláne na ZŠ","Skôr nie","Skôr áno","Nie","ešte som nemal/a pohlavný styk","Nie som sexuálne aktívny/a","Nie","Nie","Nie","Áno","Áno, poznám"
"2020/12/14 10:03:05 PM SEČ","Žena","17","Nie","Nemal/a som žiadnu možnosť byť informovaný/á na túto tému na ZŠ ani SŠ","Skôr nie","Skôr áno","Nie","ešte som nemal/a pohlavný styk","Nie som sexuálne aktívny/a","Nie","Skôr áno","Nie","Áno","Nie"
"2020/12/14 10:06:30 PM SEČ","Žena","46","Áno, jednorázovo","Prezentácia/výklad lekára, odborníka","Áno","Áno","Áno","21-25","Prezervatív (kondóm)","Nie","Skôr áno","Áno","Nie","Áno, poznám"
"2020/12/14 10:28:46 PM SEČ","Žena","15","Áno, jednorázovo","Prezentácia/výklad lekára, odborníka;Vyhradená hodina v učebnom pláne na ZŠ","Skôr áno","Skôr nie","Nie","ešte som nemal/a pohlavný styk","Nie som sexuálne aktívny/a","Nie","Skôr nie","Neviem","legálna ano ale nie voľne dostupná ","Nie"
"2020/12/14 10:55:35 PM SEČ","Žena","17","Áno, jednorázovo","Prezentácia/výklad lekára, odborníka","Áno","Áno","Nie","ešte som nemal/a pohlavný styk","Nie som sexuálne aktívny/a","Nie","Áno","Skôr nie","Nie","Áno, poznám"
"2020/12/14 10:56:00 PM SEČ","Žena","34","Nepamätám si","Nepamätám si","Nie","Nezaujíma ma to","Áno","do 14","Prerušovaná súlož","Áno","Áno","Skôr áno","Neviem","Nie"
"2020/12/14 10:57:46 PM SEČ","Žena","15","Áno, jednorázovo","Výklad na hodine biológie ZŠ;Rozdávanie informačných letákov;Vyhradená hodina v učebnom pláne na ZŠ","Skôr áno","Áno","Nie","15-16","Prezervatív (kondóm)","Nie","Skôr áno","Skôr nie","Áno","Nie"
"2020/12/14 11:04:54 PM SEČ","Žena","17","Áno, jednorázovo","Nemal/a som žiadnu možnosť byť informovaný/á na túto tému na ZŠ ani SŠ;Rozdávanie informačných letákov","Skôr áno","Skôr áno","Nie","17-18","Prezervatív (kondóm)","Nie","Skôr nie","Skôr nie","Áno","Nie"
"2020/12/14 11:09:38 PM SEČ","Žena","15","Nie","Nepamätám si","Nie","Skôr nie","Nie","ešte som nemal/a pohlavný styk","Prezervatív (kondóm)","Nie","Nie","Neviem","Áno","Nie"
"2020/12/14 11:13:52 PM SEČ","Muž","17","Nie","Nemal/a som žiadnu možnosť byť informovaný/á na túto tému na ZŠ ani SŠ","Nie","Skôr áno","Nie","do 14","Prezervatív (kondóm)","Nie","Skôr nie","Neviem","Áno","Nie"
"2020/12/14 11:24:51 PM SEČ","Muž","18","Nie","Nepamätám si;Nič","Nie","Áno","Nie","17-18","Prezervatív (kondóm);Prerušovaná súlož","Nie","Áno","Nie","Áno","Nie"
"2020/12/14 11:30:03 PM SEČ","Žena","16","Nie","Nemal/a som žiadnu možnosť byť informovaný/á na túto tému na ZŠ ani SŠ","Áno","Skôr áno","Nie","15-16","Prezervatív (kondóm);Prerušovaná súlož","Áno","Skôr nie","Neviem","Áno","Nie"
"2020/12/15 12:13:05 AM SEČ","Muž","18","Nie","Nepamätám si;Nič","Nie","Áno","Nie","17-18","Prezervatív (kondóm);Prerušovaná súlož","Nie","Áno","Nie","Áno","Nie"
"2020/12/15 1:04:09 AM SEČ","Žena","18","Áno, jednorázovo","Výklad na hodine biológie SŠ","Skôr áno","Skôr nie","Nie","17-18","Prerušovaná súlož","Nie","Skôr áno","Neviem","Áno","Nie"
"2020/12/15 1:08:36 AM SEČ","Žena","19","Nepamätám si","Nemal/a som žiadnu možnosť byť informovaný/á na túto tému na ZŠ ani SŠ","Áno","Skôr áno","Nie","17-18","Prezervatív (kondóm);Prerušovaná súlož","Nie","Skôr nie","Skôr nie","Áno","Nie"
"2020/12/15 1:47:19 AM SEČ","Žena","19","Nie","Nemal/a som žiadnu možnosť byť informovaný/á na túto tému na ZŠ ani SŠ","Skôr nie","Áno","Nie","17-18","Prezervatív (kondóm)","Nie","Skôr áno","Nie","Áno","Nie"
"2020/12/15 4:56:51 AM SEČ","Žena","17","Áno, jednorázovo","Rozdávanie informačných letákov","Nie","Skôr nie","Nie","do 14","Prezervatív (kondóm);Prerušovaná súlož","Nie","Nie","Nie","Neviem","Áno, poznám"
"2020/12/15 6:46:10 AM SEČ","Žena","17","Áno, jednorázovo","Rozdávanie informačných letákov","Nie","Skôr nie","Nie","do 14","Prezervatív (kondóm);Prerušovaná súlož","Nie","Nie","Nie","Neviem","Áno, poznám"
"2020/12/15 8:01:04 AM SEČ","Muž","19","Áno, jednorázovo","Výklad na hodine biológie SŠ","Skôr nie","Skôr áno","Nie","ešte som nemal/a pohlavný styk","Nie som sexuálne aktívny/a","Nie","Skôr áno","Neviem","Neviem","Nie"
"2020/12/15 8:14:15 AM SEČ","Žena","15","Áno, jednorázovo","Výklad na hodine biológie ZŠ;Vyhradená hodina v učebnom pláne na ZŠ","Skôr nie","Skôr áno","Nie","ešte som nemal/a pohlavný styk","Nie som sexuálne aktívny/a","Nie","Nie","Nie","Áno","Áno, poznám"
"2020/12/15 8:20:47 AM SEČ","Muž","15","Nie","Nemal/a som žiadnu možnosť byť informovaný/á na túto tému na ZŠ ani SŠ","Áno","Skôr áno","Nie","ešte som nemal/a pohlavný styk","Nie som sexuálne aktívny/a;Prezervatív (kondóm)","Nie","Áno","Áno","Áno","Nie"
"2020/12/15 8:39:50 AM SEČ","Muž","18","Áno, jednorázovo","Výklad na hodine biológie ZŠ;Vyhradená hodina v učebnom pláne na ZŠ","Áno","Skôr áno","Nie","17-18","Prezervatív (kondóm)","Nie","Nie","Skôr nie","Určite áno, je to jedna z možností. Pre mladých ľudí dosť častá možnosť.","Nie"
"2020/12/15 8:42:31 AM SEČ","Žena","18","Áno, jednorázovo","Výklad na hodine biológie SŠ","Skôr áno","Skôr nie","Nie","17-18","Prerušovaná súlož","Nie","Skôr áno","Neviem","Áno","Nie"
"2020/12/15 8:55:05 AM SEČ","Žena","16","Áno, jednorázovo","Vyhradená hodina v učebnom pláne na ZŠ","Skôr áno","Skôr áno","Nie","15-16","Nie som sexuálne aktívny/a","Nie","Skôr nie","Skôr nie","Áno","Nie"
"2020/12/15 9:15:55 AM SEČ","Žena","19","Nepamätám si","Nepamätám si","Áno","Áno","Nie","15-16","Prezervatív (kondóm)","Nie","Skôr áno","Nie","Áno","Áno, poznám"
"2020/12/15 9:20:16 AM SEČ","Žena","17","Áno, jednorázovo","Prezentácia/výklad lekára, odborníka","Áno","Áno","Nie","ešte som nemal/a pohlavný styk","Nie som sexuálne aktívny/a","Nie","Áno","Skôr nie","Nie","Áno, poznám"
"2020/12/15 9:21:45 AM SEČ","Žena","18","Nie","Nemal/a som žiadnu možnosť byť informovaný/á na túto tému na ZŠ ani SŠ","Áno","Skôr áno","Nie","ešte som nemal/a pohlavný styk","Nie som sexuálne aktívny/a","Nie","Skôr áno","Skôr nie","Áno","Nie"
"2020/12/15 9:26:06 AM SEČ","Muž","18","Nie","Nemal/a som žiadnu možnosť byť informovaný/á na túto tému na ZŠ ani SŠ","Skôr áno","Skôr áno","Nie","17-18","Prezervatív (kondóm)","Nie","Áno","Áno","Nie","Nie"
"2020/12/15 9:37:30 AM SEČ","Muž","18","Nepamätám si","Nepamätám si","Nie","Nie","Nie","ešte som nemal/a pohlavný styk","Nie som sexuálne aktívny/a","Nie","Skôr áno","Neviem","Nie","Nie"
"2020/12/15 9:45:32 AM SEČ","Muž","18","Nie","Nemal/a som žiadnu možnosť byť informovaný/á na túto tému na ZŠ ani SŠ","Áno","Áno","Nie","17-18","Prezervatív (kondóm)","Nie","Skôr nie","Nie","Áno","Nie"
"2020/12/15 9:48:45 AM SEČ","Žena","18","Nie","Nemal/a som žiadnu možnosť byť informovaný/á na túto tému na ZŠ ani SŠ","Skôr nie","Áno","Nie","15-16","Prerušovaná súlož","Nie","Áno","Nie","Áno","Áno, poznám"
"2020/12/15 9:56:22 AM SEČ","Muž","16","Áno, jednorázovo","Prezentácia/výklad lekára, odborníka","Skôr nie","Áno","Nie","15-16","Prezervatív (kondóm)","Nie","Skôr áno","Neviem","Neviem","Nie"
"2020/12/15 9:57:03 AM SEČ","Muž","16","Áno, jednorázovo","Výklad na hodine biológie ZŠ","Áno","Áno","Nie","15-16","Prezervatív (kondóm)","Áno","Skôr nie","Skôr nie","Neviem","Nie"
"2020/12/15 9:58:07 AM SEČ","Muž","16","Nie","Nemal/a som žiadnu možnosť byť informovaný/á na túto tému na ZŠ ani SŠ","Skôr nie","Skôr nie","Nie","ešte som nemal/a pohlavný styk","Nie som sexuálne aktívny/a","Nie","Skôr áno","Skôr nie","Áno","Nie"
"2020/12/15 9:58:14 AM SEČ","Muž","16","Nie","Nemal/a som žiadnu možnosť byť informovaný/á na túto tému na ZŠ ani SŠ","Nie","Áno","Nie","ešte som nemal/a pohlavný styk","Prezervatív (kondóm);Antikoncepčné tabletky (s alebo bez obsahu estrgénov, minitabletky )","Nie","Áno","Nie","Áno","Nie"
"2020/12/15 9:58:32 AM SEČ","Muž","16","Áno, jednorázovo","Vyhradená hodina v učebnom pláne na ZŠ","Skôr nie","Skôr áno","Nie","ešte som nemal/a pohlavný styk","Nie som sexuálne aktívny/a","Nie","Skôr áno","Neviem","Nie","Nie"
"2020/12/15 10:02:15 AM SEČ","Muž","19","Áno, jednorázovo","Výklad na hodine biológie ZŠ;Výklad na hodine biológie SŠ","Skôr nie","Áno","Nie","ešte som nemal/a pohlavný styk","Nie som sexuálne aktívny/a","Nie","Skôr áno","Skôr áno","Nie","Nie"
"2020/12/15 10:04:04 AM SEČ","Žena","18","Áno, jednorázovo","Výklad na hodine biológie SŠ","Skôr áno","Skôr nie","Nie","17-18","Prerušovaná súlož","Nie","Skôr áno","Neviem","Áno","Nie"
"2020/12/15 10:55:49 AM SEČ","Žena","47","Áno, jednorázovo","Výklad na hodine biológie ZŠ;Výklad na hodine biológie SŠ","Skôr nie","Skôr áno","Nie","17-18","Vnútromaternicové teliesko (medené alebo hormonálne)","Nie","Skôr áno","Nie","Neviem","Nie"
"2020/12/15 10:57:36 AM SEČ","Muž","17","Áno, jednorázovo","Výklad na hodine biológie ZŠ;Vyhradená hodina v učebnom pláne na ZŠ","Skôr áno","Áno","Nie","ešte som nemal/a pohlavný styk","Nie som sexuálne aktívny/a","Nie","Áno","Áno","Nie","Nie"
"2020/12/15 11:51:36 AM SEČ","Muž","18","Nie","Nemal/a som žiadnu možnosť byť informovaný/á na túto tému na ZŠ ani SŠ","Nie","Skôr áno","Áno","ešte som nemal/a pohlavný styk","Nie som sexuálne aktívny/a;Metódy založené na znalosti plodnosti (neplodné okno)","Nie","Áno","Áno","Nie","Nie"
"2020/12/15 12:09:38 PM SEČ","Žena","16","Nie","Nemal/a som žiadnu možnosť byť informovaný/á na túto tému na ZŠ ani SŠ","Skôr nie","Skôr áno","Nie","ešte som nemal/a pohlavný styk","Nie som sexuálne aktívny/a","Nie","Skôr nie","Nie","Neviem","Nie"
"2020/12/15 12:28:10 PM SEČ","Žena","16","Áno, jednorázovo","Výklad na hodine biológie ZŠ","Skôr nie","Nezaujíma ma to","Nie","ešte som nemal/a pohlavný styk","Nie som sexuálne aktívny/a","Nie","Áno","Nie","Áno","Áno, poznám"
"2020/12/15 12:40:38 PM SEČ","Žena","16","Áno, pravidelne","Vyhradená hodina v učebnom pláne na ZŠ","Skôr áno","Skôr nie","Nie","15-16","Nie som sexuálne aktívny/a;Prezervatív (kondóm)","Nie","Skôr nie","Neviem","Áno","Áno, poznám"
"2020/12/15 12:50:42 PM SEČ","Muž","18","Nie","Nemal/a som žiadnu možnosť byť informovaný/á na túto tému na ZŠ ani SŠ","Nie","Skôr nie","Nie","ešte som nemal/a pohlavný styk","Nie som sexuálne aktívny/a","Nie","Skôr nie","Nie","Neviem","Nie"
"2020/12/15 12:55:08 PM SEČ","Žena","15","Áno, jednorázovo","Výklad na hodine biológie ZŠ;Prezentácia/výklad lekára, odborníka","Skôr áno","Skôr nie","Nie","ešte som nemal/a pohlavný styk","Nie som sexuálne aktívny/a","Nie","Skôr áno","Nie","Áno","Nie"
"2020/12/15 2:07:00 PM SEČ","Muž","17","Áno, jednorázovo","Vyhradená hodina v učebnom pláne na ZŠ","Skôr áno","Skôr áno","Nie","ešte som nemal/a pohlavný styk","Nie som sexuálne aktívny/a","Nie","Skôr áno","Skôr áno","Nie","Nie"
"2020/12/15 3:54:32 PM SEČ","Žena","17","Áno, jednorázovo","Výklad na hodine biológie SŠ","Skôr nie","Nezaujíma ma to","Nie","ešte som nemal/a pohlavný styk","Nie som sexuálne aktívny/a","Nie","Nie","Neviem","Neviem","Nie"
"2020/12/15 4:04:05 PM SEČ","Muž","37","Áno, jednorázovo","Prezentácia/výklad lekára, odborníka","Skôr nie","Skôr áno","Áno","ešte som nemal/a pohlavný styk","","Nie","Áno","Áno","Nie","Áno, poznám"
"2020/12/15 5:24:44 PM SEČ","Žena","15","Áno, jednorázovo","Výklad na hodine biológie ZŠ;Výklad na hodine biológie SŠ","Skôr nie","Skôr áno","Nie","ešte som nemal/a pohlavný styk","Nie som sexuálne aktívny/a","Nie","Skôr áno","Nie","Neviem","Nie"
"2020/12/15 6:37:00 PM SEČ","Muž","16","Nie","Nemal/a som žiadnu možnosť byť informovaný/á na túto tému na ZŠ ani SŠ","Skôr nie","Skôr nie","Nie","ešte som nemal/a pohlavný styk","Nie som sexuálne aktívny/a","Nie","Nie","Skôr nie","Neviem","Nie"
"2020/12/15 7:28:16 PM SEČ","Žena","18","Nie","Nemal/a som žiadnu možnosť byť informovaný/á na túto tému na ZŠ ani SŠ","Skôr nie","Skôr áno","Nie","ešte som nemal/a pohlavný styk","Nie som sexuálne aktívny/a","Nie","Skôr nie","Nie","Áno","Áno, poznám"
"2020/12/15 9:20:49 PM SEČ","Žena","17","Áno, jednorázovo","Výklad na hodine biológie ZŠ","Skôr nie","Skôr áno","Nie","17-18","Prezervatív (kondóm)","Nie","Skôr nie","Nie","Áno","Áno, poznám"
"2020/12/15 9:48:24 PM SEČ","Žena","16","Nepamätám si","Nepamätám si","Nie","Skôr áno","Áno","ešte som nemal/a pohlavný styk","Nie som sexuálne aktívny/a","Nie","Skôr áno","Neviem","Nie","Nie"
"2020/12/15 10:02:55 PM SEČ","Žena","19","Nie","Nemal/a som žiadnu možnosť byť informovaný/á na túto tému na ZŠ ani SŠ","Skôr áno","Skôr áno","Nie","17-18","Prerušovaná súlož","Áno","Áno","Skôr nie","Neviem","Áno, poznám"
"2020/12/15 10:45:27 PM SEČ","Muž","15","Nie","Nemal/a som žiadnu možnosť byť informovaný/á na túto tému na ZŠ ani SŠ","Nie","Áno","Nie","ešte som nemal/a pohlavný styk","Nie som sexuálne aktívny/a","Nie","Nie","Áno","Nie","Nie"
"2020/12/16 7:50:59 AM SEČ","Žena","16","Áno, jednorázovo","Prezentácia/výklad lekára, odborníka;Rozdávanie informačných letákov;Vyhradená hodina v učebnom pláne na ZŠ","Skôr áno","Skôr áno","Nie","ešte som nemal/a pohlavný styk","Nie som sexuálne aktívny/a","Nie","Skôr áno","Neviem","Neviem","Nie"
"2020/12/16 8:53:44 AM SEČ","Žena","16","Áno, jednorázovo","Výklad na hodine biológie ZŠ;Prezentácia/výklad lekára, odborníka;Vyhradená hodina v učebnom pláne na ZŠ","Áno","Skôr áno","Nie","ešte som nemal/a pohlavný styk","Nie som sexuálne aktívny/a","Nie","Skôr nie","Nie","Áno","Nie"
"2020/12/16 11:19:01 AM SEČ","Muž","nad 50","Nie","Nemal/a som žiadnu možnosť byť informovaný/á na túto tému na ZŠ ani SŠ","Skôr áno","Áno","Nie","17-18","Prezervatív (kondóm);Antikoncepčné tabletky (s alebo bez obsahu estrgénov, minitabletky );Metódy založené na znalosti plodnosti (neplodné okno);Prerušovaná súlož","Nie","Áno","Nie","Áno","Áno, poznám"
"2020/12/16 3:01:54 PM SEČ","Žena","16","Áno, jednorázovo","Vyhradená hodina v učebnom pláne na ZŠ","Skôr áno","Skôr áno","Áno","ešte som nemal/a pohlavný styk","Nie som sexuálne aktívny/a","Nie","Nie","Neviem","Neviem","Nie"
"2020/12/16 3:59:41 PM SEČ","Žena","15","Áno, jednorázovo","Prezentácia/výklad lekára, odborníka;Vyhradená hodina v učebnom pláne na ZŠ","Skôr nie","Skôr áno","Nie","ešte som nemal/a pohlavný styk","Nie som sexuálne aktívny/a","Nie","Skôr nie","Neviem","Neviem","Nie"
"2020/12/16 4:23:54 PM SEČ","Žena","16","Áno, jednorázovo","Výklad na hodine biológie ZŠ;prednáška na ZŠ ","Skôr nie","Skôr áno","Nie","ešte som nemal/a pohlavný styk","Nie som sexuálne aktívny/a","Nie","Nie","Neviem","Nie","Áno, poznám"
"2020/12/16 4:40:33 PM SEČ","Žena","18","Áno, jednorázovo","Výklad na hodine biológie ZŠ","Áno","Skôr áno","Nie","ešte som nemal/a pohlavný styk","Nie som sexuálne aktívny/a","Nie","Skôr áno","Nie","Neviem","Nie"
"2020/12/17 8:30:13 AM SEČ","Žena","16","Áno, jednorázovo","Prezentácia/výklad lekára, odborníka;Vyhradená hodina v učebnom pláne na ZŠ","Skôr áno","Skôr áno","Nie","ešte som nemal/a pohlavný styk","Nie som sexuálne aktívny/a","Nie","Skôr áno","Skôr nie","Áno","Nie"
"2020/12/17 6:27:42 PM SEČ","Žena","15","Áno, jednorázovo","Prezentácia/výklad lekára, odborníka","Áno","Áno","Nie","ešte som nemal/a pohlavný styk","Nie som sexuálne aktívny/a","Nie","Áno","Nie","Áno","Áno, poznám"
"2020/12/17 6:28:04 PM SEČ","Muž","19","Áno, jednorázovo","Výklad na hodine biológie SŠ","Skôr nie","Áno","Nie","17-18","","Nie","Skôr nie","Skôr áno","Áno","Nie"
"2020/12/18 10:52:14 AM SEČ","Muž","17","Áno, jednorázovo","Prezentácia/výklad lekára, odborníka","Nie","Skôr nie","Nie","ešte som nemal/a pohlavný styk","Prezervatív (kondóm)","Nie","Nie","Neviem","Neviem","Nie"
"2020/12/20 12:53:37 PM SEČ","Muž","15","Nie","Nemal/a som žiadnu možnosť byť informovaný/á na túto tému na ZŠ ani SŠ","Nie","Skôr áno","Nie","ešte som nemal/a pohlavný styk","Nie som sexuálne aktívny/a","Nie","Skôr nie","Neviem","Neviem","Nie"
"2020/12/20 2:26:03 PM SEČ","Muž","16","Áno, jednorázovo","Výklad na hodine biológie ZŠ","Nie","Skôr áno","Nie","ešte som nemal/a pohlavný styk","Nie som sexuálne aktívny/a","Nie","Skôr áno","Neviem","Neviem","Nie"
"2020/12/29 5:55:05 AM SEČ","Žena","17","Áno, jednorázovo","Výklad na hodine biológie ZŠ","Skôr áno","Skôr áno","Nie","ešte som nemal/a pohlavný styk","Nie som sexuálne aktívny/a","Nie","Skôr áno","Nie","Áno","Nie"
"2020/12/31 11:13:55 PM SEČ","Muž","18","Áno, jednorázovo","Výklad na hodine biológie ZŠ;Prezentácia/výklad lekára, odborníka","Skôr nie","Skôr áno","Nie","ešte som nemal/a pohlavný styk","Nie som sexuálne aktívny/a","Nie","Skôr nie","Neviem","Neviem","Nie"
"2021/01/01 2:47:21 AM SEČ","Muž","18","Áno, jednorázovo","Výklad na hodine biológie ZŠ;Prezentácia/výklad lekára, odborníka","Skôr nie","Skôr áno","Nie","ešte som nemal/a pohlavný styk","Nie som sexuálne aktívny/a","Nie","Skôr nie","Neviem","Neviem","Nie"
"2021/01/01 2:45:17 PM SEČ","Muž","18","Áno, jednorázovo","Výklad na hodine biológie ZŠ;Prezentácia/výklad lekára, odborníka","Skôr nie","Skôr áno","Nie","ešte som nemal/a pohlavný styk","Nie som sexuálne aktívny/a","Nie","Skôr nie","Neviem","Neviem","Nie"